concept_id,activation_rate,mean_abs,energy_share
4029,1.0,2.7539482,0.103891745
2473,0.99983317,1.7276411,0.06517466
21,1.0,1.5998621,0.060354244
3129,1.0,0.9158675,0.034550786
830,0.99866533,0.88011986,0.033202216
3499,0.998999,0.67805487,0.025579385
2368,0.9834835,0.6292725,0.023739088
3610,0.99382716,0.6146808,0.02318862
1196,0.982983,0.5695816,0.02148727
3655,0.980981,0.564663,0.021301717
838,0.9906573,0.496062,0.018713769
2046,0.92909575,0.4052925,0.01528952
2383,0.9521188,0.38788927,0.014632989
2762,0.9189189,0.37734887,0.014235356
1210,0.99165833,0.35512584,0.013397
2902,0.9891558,0.34725994,0.013100261
1925,0.8543544,0.33895943,0.012787127
2876,0.9706373,0.3276927,0.012362094
1806,0.95879215,0.31270072,0.011796527
1187,0.8825492,0.29849157,0.011260491
3111,0.99566233,0.28738406,0.010841465
1308,0.9701368,0.2853125,0.0107633155
2053,0.94711375,0.2762523,0.010421523
2172,0.6401401,0.26174018,0.009874058
716,0.9596263,0.25895473,0.009768978
1331,0.97480816,0.25465167,0.009606646
999,0.982983,0.25442472,0.009598085
3847,0.9501168,0.24852271,0.009375433
2018,0.7370704,0.24790974,0.00935231
3186,0.97280616,0.24430522,0.00921633
2436,0.92759424,0.23756433,0.008962032
2627,0.87520856,0.22264892,0.008399353
3208,0.9194194,0.21356522,0.008056674
2903,0.9646313,0.21247053,0.008015377
814,0.8583584,0.2005419,0.0075653736
2858,0.89506173,0.19797939,0.007468704
3633,0.9452786,0.19638674,0.0074086217
2982,0.94811475,0.19508019,0.007359333
2993,0.9646313,0.19067688,0.0071932194
953,0.8910577,0.19065979,0.0071925744
1517,0.5870871,0.18544154,0.006995718
158,0.9364364,0.18350735,0.006922751
1832,0.82198864,0.17505087,0.0066037336
463,0.9364364,0.17330156,0.0065377415
2083,0.90707374,0.16510575,0.0062285573
2443,0.9804805,0.16323921,0.006158143
284,0.84851515,0.16102359,0.006074559
3382,0.94310975,0.1582681,0.005970609
74,0.8735402,0.15422583,0.005818116
3029,0.78411746,0.15338142,0.005786261
1262,0.83667,0.14894052,0.0056187296
2839,0.94761425,0.14597556,0.0055068773
3159,0.7897898,0.14449269,0.0054509365
539,0.75308645,0.14233994,0.005369725
576,0.32599267,0.13042507,0.0049202405
2713,0.75058395,0.12851937,0.004848349
2376,0.78461796,0.12840046,0.0048438627
2308,0.88371706,0.12718712,0.00479809
3762,0.18234901,0.12149253,0.004583264
1652,0.8318318,0.118203305,0.004459179
301,0.8101435,0.11094087,0.0041852063
3829,0.7100434,0.108049504,0.00407613
3919,0.8768769,0.10592659,0.003996044
919,0.7037037,0.1050563,0.0039632125
2330,0.83249915,0.10504629,0.003962835
2795,0.5740741,0.104598515,0.003945943
3519,0.64981645,0.10063589,0.0037964543
1973,0.6926927,0.09183459,0.0034644282
408,0.70553887,0.08720618,0.003289823
700,0.6531532,0.08633167,0.0032568325
3373,0.7867868,0.08581954,0.0032375127
2938,0.61578244,0.084381014,0.0031832445
2794,0.71888554,0.082005925,0.0030936452
3217,0.6646647,0.07961133,0.00300331
3932,0.7017017,0.07935568,0.0029936656
2865,0.59442776,0.07869688,0.0029688124
1330,0.36386386,0.0768804,0.0029002866
2828,0.5797464,0.07666354,0.0028921054
3720,0.7200534,0.07435231,0.0028049152
3249,0.69903237,0.07399832,0.002791561
827,0.58041376,0.07235854,0.0027297009
1381,0.49015683,0.064619176,0.0024377361
3707,0.5670671,0.061653286,0.002325849
650,0.5547214,0.06134123,0.0023140768
275,0.18418418,0.059428614,0.002241924
1705,0.11094428,0.05807156,0.0021907296
1541,0.25558892,0.057279415,0.002160846
877,0.46229562,0.052072473,0.0019644161
4004,0.15515515,0.04923867,0.0018575118
3458,0.29112446,0.04854371,0.0018312947
2001,0.71938604,0.0481294,0.0018156649
2670,0.483984,0.0437218,0.0016493897
1116,0.66099435,0.043409344,0.0016376025
3806,0.14664665,0.03998554,0.0015084407
59,0.28611946,0.033540968,0.0012653214
1177,0.40256923,0.03232746,0.0012195422
2813,0.13079746,0.031329907,0.0011819099
2577,0.5418752,0.03067847,0.0011573347
3564,0.24190858,0.03024692,0.0011410547
1598,0.08591925,0.030020202,0.0011325018
2277,0.07223891,0.028914683,0.0010907964
3513,0.5488822,0.028879134,0.0010894553
3851,0.43960628,0.02871879,0.0010834064
3778,0.3173173,0.02646112,0.0009982366
963,0.055055056,0.026075995,0.0009837078
2457,0.12579246,0.02570304,0.00096963835
71,0.24974975,0.025613125,0.0009662463
1426,0.07891224,0.025297634,0.0009543445
2128,0.43093094,0.024531802,0.0009254537
848,0.2822823,0.024046915,0.00090716156
2945,0.11945279,0.022608696,0.0008529052
609,0.09576243,0.022484178,0.00084820786
3734,0.08925592,0.021731362,0.0008198081
3062,0.048715383,0.021700233,0.00081863377
1132,0.26209542,0.021071764,0.00079492497
3951,0.29145813,0.020104695,0.0007584427
281,0.26509842,0.019572075,0.0007383498
4002,0.069235906,0.0188436,0.00071086833
307,0.0985986,0.01882606,0.00071020663
3270,0.028695362,0.018146409,0.00068456697
3108,0.094928265,0.017399343,0.00065638416
1254,0.028194861,0.017201882,0.00064893503
456,0.08675342,0.01714946,0.00064695743
2854,0.07090424,0.017053552,0.00064333936
205,0.048882216,0.016359111,0.00061714184
634,0.19686353,0.015792165,0.00059575395
1160,0.057057057,0.015475533,0.0005838091
1044,0.0667334,0.014936487,0.0005634738
1804,0.06089423,0.014628868,0.000551869
2853,0.07374041,0.0142593905,0.0005379306
4008,0.059392728,0.013891264,0.0005240431
3404,0.07190524,0.013837777,0.00052202534
1104,0.17650984,0.013500348,0.00050929596
1502,0.037037037,0.013188661,0.00049753767
2179,0.03720387,0.013135935,0.0004955486
3403,0.045045044,0.013031889,0.0004916235
2588,0.06239573,0.013026882,0.0004914346
2643,0.05522189,0.012958065,0.00048883853
2961,0.058892224,0.012222343,0.00046108366
1349,0.081581585,0.012184161,0.00045964326
1516,0.23123123,0.012170324,0.00045912128
3349,0.08541875,0.011864003,0.0004475654
1450,0.06589923,0.011766741,0.00044389625
229,0.12629296,0.01152918,0.00043493434
3140,0.122122124,0.01105269,0.00041695894
1288,0.086920254,0.011007551,0.00041525607
537,0.05422089,0.010521771,0.00039693018
3230,0.19285953,0.009620673,0.00036293655
3156,0.07107107,0.00949763,0.0003582948
478,0.049883217,0.009098927,0.00034325387
3856,0.021521522,0.008801315,0.00033202657
1626,0.051384717,0.008773832,0.00033098977
644,0.04337671,0.008712768,0.00032868615
1121,0.053553555,0.008595153,0.00032424915
2560,0.12495829,0.008516662,0.00032128813
3264,0.11394728,0.008510566,0.00032105818
1528,0.046546545,0.008153949,0.0003076049
3408,0.11378045,0.008153299,0.00030758037
3915,0.059059057,0.008047353,0.0003035836
1622,0.11494828,0.007936794,0.00029941282
870,0.06056056,0.007843655,0.00029589917
3567,0.05205205,0.0076214126,0.00028751517
160,0.056556556,0.0074694674,0.00028178308
573,0.13179846,0.0072046923,0.00027179453
3024,0.028695362,0.007010905,0.00026448397
2002,0.021521522,0.006895328,0.00026012387
199,0.032699365,0.006647006,0.000250756
2714,0.086419754,0.0064480845,0.00024325175
2650,0.032198865,0.006443471,0.00024307772
2515,0.028862195,0.006309714,0.00023803179
3033,0.030196864,0.006305766,0.00023788284
2296,0.041708376,0.006260265,0.00023616634
1023,0.036870204,0.005932295,0.00022379379
3672,0.07440774,0.0058839982,0.0002219718
1675,0.033033032,0.0057506193,0.00021694013
144,0.09426093,0.005624246,0.00021217273
2317,0.094427764,0.0054882886,0.00020704379
3281,0.019519519,0.005330611,0.00020109546
3876,0.049883217,0.0052799494,0.00019918426
2863,0.019686352,0.0051660854,0.00019488878
2137,0.015515516,0.005108959,0.00019273371
3100,0.04904905,0.005101854,0.00019246568
219,0.024858192,0.0050974092,0.000192298
1758,0.025525525,0.0050916504,0.00019208076
4015,0.039873205,0.0050878637,0.0001919379
2580,0.08274942,0.0050420333,0.00019020896
979,0.028361695,0.005022701,0.00018947966
2708,0.019352686,0.0049629332,0.00018722494
2152,0.021021022,0.004958947,0.00018707456
155,0.028194861,0.0048598396,0.00018333577
3239,0.057557557,0.0046785055,0.000176495
3780,0.020353688,0.004623233,0.00017440986
2064,0.03253253,0.004521638,0.00017057723
685,0.04904905,0.004450861,0.00016790719
1061,0.025191858,0.0044354433,0.00016732556
2563,0.059059057,0.004344794,0.00016390585
351,0.0125125125,0.004275137,0.00016127806
1332,0.014681348,0.00423194,0.00015964848
2814,0.028862195,0.004218725,0.00015914995
4061,0.028194861,0.0042124493,0.00015891319
185,0.021855189,0.004208418,0.00015876112
2142,0.023690358,0.004183474,0.0001578201
3152,0.017517518,0.004146946,0.00015644211
3275,0.026359692,0.004034617,0.00015220453
1274,0.028528528,0.0040228027,0.00015175884
3058,0.05522189,0.003988761,0.00015047463
1471,0.014514514,0.0039220527,0.00014795808
2358,0.024357691,0.003908524,0.0001474477
3052,0.018018018,0.0036532935,0.00013781924
1147,0.04437771,0.003544594,0.00013371858
658,0.07190524,0.0033481373,0.00012630732
3210,0.021855189,0.0032967827,0.00012436998
2558,0.04187521,0.0031920692,0.00012041971
3263,0.058391724,0.0031663254,0.00011944853
2625,0.022355689,0.0030811725,0.000116236166
1297,0.044544544,0.00307954,0.00011617458
1526,0.012846179,0.0030581548,0.00011536783
2749,0.019519519,0.002991882,0.00011286771
3117,0.07057057,0.0029388787,0.00011086818
2875,0.008675342,0.0029332817,0.000110657034
1554,0.021354688,0.0028705979,0.00010829231
3840,0.027193861,0.0028512494,0.000107562395
1224,0.03520187,0.002718257,0.00010254531
1678,0.01668335,0.0026627409,0.000100450976
636,0.04437771,0.0026334391,9.934558e-05
793,0.020854188,0.0026006652,9.8109194e-05
4070,0.021688355,0.0025663378,9.6814205e-05
1759,0.01668335,0.0025539314,9.634618e-05
2273,0.008174841,0.0025396796,9.580854e-05
3289,0.011511511,0.002509144,9.4656585e-05
1358,0.010343677,0.0024941934,9.409258e-05
2072,0.009676343,0.002425088,9.148561e-05
269,0.013179846,0.002366775,8.9285764e-05
3107,0.013179846,0.0023361547,8.8130626e-05
2491,0.022689356,0.002329868,8.7893466e-05
2111,0.01334668,0.0022871972,8.628372e-05
1633,0.0323657,0.0022141829,8.352928e-05
2032,0.019686352,0.0021942067,8.277569e-05
1803,0.008341675,0.0020794962,7.8448276e-05
534,0.0125125125,0.0020375957,7.68676e-05
3189,0.008174841,0.0020090207,7.578961e-05
646,0.008174841,0.0020086535,7.577576e-05
1368,0.0071738404,0.0019951016,7.5264514e-05
163,0.006339673,0.001992852,7.5179654e-05
2572,0.0065065064,0.0019402282,7.319444e-05
2717,0.010677344,0.0019221279,7.251161e-05
236,0.016016016,0.0019087055,7.2005256e-05
1010,0.002669336,0.0018644333,7.03351e-05
274,0.0025025024,0.0018478368,6.9709e-05
3868,0.0065065064,0.001831644,6.909813e-05
3836,0.03153153,0.001799516,6.788612e-05
2616,0.009843176,0.0017984919,6.784748e-05
1805,0.01334668,0.001795658,6.774058e-05
727,0.010343677,0.0017656242,6.660756e-05
2955,0.019519519,0.001748478,6.596073e-05
2476,0.01668335,0.0017261452,6.511823e-05
3746,0.005338672,0.0017166059,6.4758366e-05
1888,0.011511511,0.0016329599,6.160285e-05
2609,0.0038371705,0.0016167007,6.0989474e-05
2827,0.03570237,0.0016118349,6.0805913e-05
3561,0.03003003,0.0016095485,6.071966e-05
2608,0.014848182,0.0015922928,6.0068694e-05
731,0.0068401736,0.0015573588,5.8750822e-05
183,0.0055055055,0.0015262672,5.75779e-05
918,0.015515516,0.0015140526,5.711711e-05
871,0.013013013,0.0015012708,5.6634923e-05
3473,0.010343677,0.0015008599,5.6619418e-05
3041,0.013847181,0.0014826014,5.5930625e-05
2094,0.010176844,0.0014708852,5.5488636e-05
3158,0.004671338,0.0013985971,5.2761592e-05
2641,0.010844178,0.0013823102,5.2147174e-05
3201,0.01001001,0.0013702717,5.1693023e-05
2369,0.032699365,0.0013588067,5.1260515e-05
3028,0.014014014,0.00129016,4.867084e-05
3465,0.010510511,0.0012591075,4.7499394e-05
2527,0.003670337,0.0012301983,4.6408804e-05
3700,0.019352686,0.0012206475,4.6048503e-05
1494,0.014180847,0.0011964518,4.513573e-05
3886,0.008842176,0.0011882974,4.482811e-05
1304,0.0038371705,0.0011825409,4.4610948e-05
2380,0.00667334,0.0011621625,4.3842178e-05
1768,0.0041708373,0.0011548203,4.3565196e-05
2145,0.015348682,0.0011500042,4.3383512e-05
3701,0.0038371705,0.0011382262,4.293919e-05
1957,0.0065065064,0.0010936853,4.12589e-05
3779,0.006339673,0.0010801532,4.0748404e-05
247,0.009676343,0.0010638285,4.013256e-05
1294,0.022022022,0.0010470989,3.9501443e-05
1041,0.004337671,0.0010463778,3.9474242e-05
624,0.023189856,0.0010433261,3.9359118e-05
1605,0.011011011,0.0010152515,3.830001e-05
1694,0.020854188,0.0010142212,3.8261143e-05
1857,0.0075075077,0.0009686929,3.6543603e-05
3077,0.002335669,0.00096289406,3.6324844e-05
285,0.007007007,0.00095156225,3.5897356e-05
1828,0.008341675,0.00094349193,3.5592908e-05
2019,0.007007007,0.00093299703,3.519699e-05
3363,0.005338672,0.0009292103,3.5054138e-05
3163,0.0021688356,0.0009262907,3.4943998e-05
3539,0.007674341,0.00090965885,3.4316567e-05
3552,0.0031698365,0.00088126585,3.324545e-05
1220,0.0045045046,0.000879972,3.319664e-05
3961,0.0065065064,0.0008792949,3.3171094e-05
2042,0.01001001,0.0008788851,3.3155637e-05
3008,0.019185852,0.0008702985,3.2831707e-05
1801,0.0038371705,0.0008670156,3.2707863e-05
2684,0.005005005,0.0008668537,3.2701755e-05
2074,0.004337671,0.0008529522,3.2177326e-05
385,0.007340674,0.00084038434,3.170321e-05
3157,0.011177844,0.0008209056,3.0968382e-05
462,0.009009009,0.0008186762,3.0884275e-05
4,0.0078411745,0.0008077631,3.0472582e-05
3104,0.0038371705,0.00080258405,3.0277206e-05
104,0.016016016,0.00079780945,3.0097086e-05
3880,0.0078411745,0.0007946804,2.9979043e-05
2725,0.0015015015,0.0007874348,2.9705705e-05
1604,0.003003003,0.00076706,2.8937073e-05
2282,0.013680347,0.00076511997,2.8863886e-05
3586,0.014014014,0.00074647996,2.8160699e-05
196,0.0021688356,0.0007444409,2.8083774e-05
1156,0.009342676,0.0007405336,2.7936374e-05
1924,0.0025025024,0.00073027436,2.7549348e-05
1167,0.0041708373,0.0007182137,2.7094362e-05
1211,0.0058391723,0.0007112408,2.6831314e-05
3525,0.0021688356,0.0007108176,2.6815347e-05
3144,0.010176844,0.00070927746,2.6757247e-05
3332,0.006339673,0.00068101485,2.569105e-05
2654,0.005005005,0.0006698106,2.5268371e-05
769,0.0041708373,0.00066819385,2.5207382e-05
1869,0.012012012,0.00065824745,2.4832158e-05
2391,0.0071738404,0.0006572211,2.479344e-05
1103,0.015515516,0.0006550354,2.4710982e-05
1793,0.0021688356,0.0006522686,2.4606607e-05
3056,0.0045045046,0.0006511084,2.4562838e-05
1813,0.0031698365,0.00064797315,2.4444564e-05
2951,0.0035035035,0.0006435926,2.4279308e-05
214,0.008842176,0.0006399532,2.4142013e-05
3343,0.0031698365,0.00063130335,2.38157e-05
2686,0.005672339,0.00063087925,2.3799701e-05
671,0.003003003,0.0006305636,2.3787794e-05
3323,0.00333667,0.0006173631,2.328981e-05
216,0.0061728396,0.00061226415,2.3097453e-05
2726,0.009175843,0.00060671516,2.288812e-05
279,0.003670337,0.0006034069,2.2763317e-05
1290,0.0025025024,0.000596427,2.2500002e-05
3942,0.0038371705,0.0005958252,2.24773e-05
1412,0.004004004,0.00059026043,2.226737e-05
704,0.003670337,0.00058169506,2.1944245e-05
1451,0.0025025024,0.0005786941,2.1831034e-05
1645,0.0028361694,0.0005680311,2.1428777e-05
1846,0.0068401736,0.000563914,2.1273461e-05
4020,0.010343677,0.00056223024,2.1209942e-05
4018,0.0068401736,0.00055704813,2.1014448e-05
3002,0.004337671,0.00055207335,2.0826776e-05
3658,0.009676343,0.00054409634,2.0525846e-05
753,0.003670337,0.0005408403,2.0403015e-05
3053,0.0045045046,0.0005371502,2.0263806e-05
3485,0.004004004,0.00053527,2.0192876e-05
4045,0.00333667,0.0005266541,1.9867844e-05
4016,0.002002002,0.0005231665,1.9736275e-05
1394,0.009342676,0.0005150838,1.9431358e-05
1900,0.004004004,0.00051275553,1.9343524e-05
2367,0.004671338,0.0005122373,1.9323976e-05
2685,0.0078411745,0.00050843385,1.918049e-05
3284,0.002669336,0.0005045066,1.9032335e-05
826,0.001668335,0.0005028008,1.8967987e-05
2011,0.0035035035,0.0005022532,1.8947328e-05
1897,0.003003003,0.0004989378,1.8822255e-05
1145,0.00333667,0.0004943608,1.864959e-05
3492,0.01001001,0.0004928312,1.8591887e-05
1344,0.0051718387,0.0004914839,1.8541059e-05
3855,0.0018351685,0.00048522768,1.8305047e-05
621,0.001668335,0.00047564026,1.7943365e-05
804,0.006339673,0.00047078734,1.776029e-05
3466,0.00333667,0.00047058554,1.7752676e-05
952,0.0035035035,0.00047009691,1.7734243e-05
2359,0.010844178,0.00046988693,1.7726323e-05
2789,0.001334668,0.00046873375,1.7682818e-05
1268,0.0015015015,0.00046007792,1.735628e-05
3178,0.0031698365,0.00045998232,1.7352673e-05
1979,0.0021688356,0.00045857875,1.7299724e-05
3478,0.0015015015,0.00045744586,1.7256987e-05
1501,0.007007007,0.00045566141,1.718967e-05
166,0.0021688356,0.00045016326,1.6982254e-05
4064,0.011678345,0.00044964402,1.6962666e-05
726,0.0018351685,0.00044092775,1.6633847e-05
3748,0.0021688356,0.00043778121,1.6515145e-05
1093,0.0038371705,0.0004353653,1.6424006e-05
3947,0.0015015015,0.0004298459,1.6215788e-05
164,0.007674341,0.0004226999,1.5946207e-05
2402,0.005672339,0.00042241218,1.5935353e-05
1905,0.003003003,0.00041935738,1.5820113e-05
1317,0.002669336,0.00041388383,1.5613625e-05
3887,0.006006006,0.00041341368,1.5595888e-05
2764,0.002335669,0.00041327343,1.5590596e-05
201,0.0011678345,0.00041050915,1.5486316e-05
3451,0.007674341,0.0004022664,1.517536e-05
1174,0.002335669,0.00040175667,1.5156132e-05
2703,0.0015015015,0.00040157032,1.5149101e-05
1233,0.002335669,0.00038964028,1.4699045e-05
895,0.0045045046,0.0003885774,1.4658948e-05
3493,0.0035035035,0.0003855567,1.4544993e-05
2688,0.005005005,0.00038402912,1.4487366e-05
3066,0.004004004,0.0003802027,1.4343015e-05
840,0.0041708373,0.00037747095,1.4239961e-05
1922,0.0021688356,0.0003759937,1.4184232e-05
2711,0.009342676,0.00037275566,1.4062079e-05
3844,0.001668335,0.00037234256,1.40464945e-05
2310,0.0065065064,0.00036919073,1.3927593e-05
783,0.0008341675,0.00036902557,1.3921362e-05
1942,0.00333667,0.00036818508,1.3889655e-05
433,0.0018351685,0.0003674548,1.3862105e-05
2281,0.0051718387,0.00036659127,1.3829529e-05
2697,0.0038371705,0.00036619094,1.3814427e-05
586,0.001668335,0.00036434922,1.3744949e-05
1895,0.0021688356,0.0003585462,1.3526032e-05
374,0.003670337,0.00035585585,1.3424539e-05
1149,0.002335669,0.00034519844,1.3022492e-05
3899,0.0028361694,0.00034154294,1.28845895e-05
1053,0.00333667,0.00033829338,1.2762001e-05
574,0.0038371705,0.00033585358,1.266996e-05
425,0.006006006,0.00033434364,1.2612998e-05
61,0.0041708373,0.00033103023,1.2488001e-05
735,0.0051718387,0.00033020962,1.2457043e-05
1873,0.005672339,0.0003292532,1.2420964e-05
2989,0.008341675,0.000326036,1.2299595e-05
2143,0.0031698365,0.00032470314,1.2249314e-05
628,0.0011678345,0.0003222122,1.2155344e-05
2522,0.0028361694,0.00031777675,1.1988018e-05
504,0.000667334,0.00031459352,1.1867932e-05
3742,0.004004004,0.0003119254,1.1767278e-05
3348,0.002669336,0.0003114289,1.1748548e-05
3434,0.0021688356,0.0003114205,1.17482305e-05
669,0.0015015015,0.00030777222,1.16106e-05
439,0.0038371705,0.0003076683,1.1606679e-05
2722,0.0001668335,0.0003072765,1.1591899e-05
1399,0.0038371705,0.0003013187,1.1367144e-05
733,0.001334668,0.000300095,1.1320981e-05
3881,0.001001001,0.00029783507,1.1235725e-05
387,0.001668335,0.00029714406,1.1209657e-05
530,0.0031698365,0.0002938624,1.1085857e-05
2085,0.0048381714,0.00028827434,1.087505e-05
2240,0.0028361694,0.00028404052,1.071533e-05
3695,0.0011678345,0.00028333665,1.0688777e-05
1354,0.0011678345,0.0002815525,1.062147e-05
3114,0.004337671,0.00028024547,1.0572164e-05
316,0.001668335,0.00027886612,1.0520128e-05
1137,0.0051718387,0.0002772942,1.0460828e-05
1279,0.0015015015,0.00027185728,1.02557215e-05
3892,0.0005005005,0.00026905074,1.0149846e-05
2209,0.0011678345,0.00026896078,1.0146452e-05
3594,0.0005005005,0.00026889992,1.01441565e-05
3509,0.0025025024,0.00026441948,9.975133e-06
291,0.0021688356,0.0002605847,9.830467e-06
3597,0.0035035035,0.00025911676,9.77509e-06
788,0.0018351685,0.00025888142,9.766212e-06
134,0.003003003,0.000258801,9.763178e-06
2510,0.002002002,0.00025836568,9.7467555e-06
3913,0.0021688356,0.00025809018,9.736363e-06
2178,0.0045045046,0.00025778078,9.72469e-06
1051,0.002002002,0.00025720408,9.702935e-06
672,0.005338672,0.0002559881,9.657062e-06
1512,0.005005005,0.0002539894,9.581662e-06
3605,0.001334668,0.00025063226,9.455015e-06
3265,0.0015015015,0.00024687604,9.313313e-06
1255,0.0025025024,0.00024597606,9.279362e-06
1468,0.0041708373,0.0002455578,9.263584e-06
3326,0.00333667,0.00023925965,9.025987e-06
2183,0.001001001,0.00023670675,8.92968e-06
3943,0.002335669,0.0002364269,8.9191235e-06
3628,0.00667334,0.00023635177,8.916289e-06
736,0.0028361694,0.00023552593,8.885135e-06
1004,0.0008341675,0.00023423217,8.836328e-06
3350,0.002335669,0.0002318754,8.747419e-06
3955,0.0015015015,0.0002285094,8.620438e-06
741,0.002002002,0.00022780905,8.594017e-06
283,0.001334668,0.00022710809,8.567574e-06
2450,0.0025025024,0.00022570061,8.5144775e-06
3081,0.001334668,0.0002238843,8.445958e-06
2065,0.001668335,0.00021869778,8.250298e-06
4077,0.0008341675,0.00021791064,8.220603e-06
1659,0.002335669,0.00021398359,8.072457e-06
2698,0.005338672,0.00021065984,7.947069e-06
2690,0.0008341675,0.00020906935,7.887069e-06
3812,0.003670337,0.00020583399,7.765016e-06
3022,0.001334668,0.00020413198,7.700808e-06
2481,0.0015015015,0.00020384896,7.6901315e-06
1836,0.003670337,0.00020315133,7.663813e-06
1792,0.0028361694,0.00020234735,7.633484e-06
3214,0.002002002,0.00019760453,7.454563e-06
1159,0.0028361694,0.00019628182,7.404664e-06
571,0.002669336,0.00019625004,7.4034647e-06
2672,0.000667334,0.00019620467,7.401753e-06
2397,0.0021688356,0.00019618015,7.400828e-06
1852,0.0071738404,0.00019346015,7.298217e-06
2237,0.004004004,0.00019325789,7.290587e-06
881,0.0028361694,0.00019321364,7.2889175e-06
2315,0.002002002,0.00019171713,7.2324624e-06
2700,0.000667334,0.00019133443,7.218025e-06
3318,0.002002002,0.00019056526,7.1890086e-06
2067,0.0018351685,0.00018691253,7.0512106e-06
1495,0.0015015015,0.00018451824,6.960887e-06
2909,0.001668335,0.00018154745,6.848815e-06
435,0.0011678345,0.00018131621,6.8400914e-06
2061,0.0015015015,0.00018034743,6.8035442e-06
2728,0.0018351685,0.00017905366,6.7547376e-06
2177,0.000667334,0.0001783295,6.7274186e-06
1090,0.0035035035,0.00017665313,6.6641783e-06
227,0.0018351685,0.00017631201,6.6513094e-06
3818,0.0025025024,0.00017537361,6.615909e-06
1433,0.001668335,0.0001728468,6.520586e-06
1558,0.0011678345,0.00017211435,6.492954e-06
476,0.003003003,0.00017188721,6.4843853e-06
3691,0.001001001,0.00017048218,6.4313813e-06
1242,0.003003003,0.00016948959,6.393936e-06
763,0.0021688356,0.00016876114,6.3664556e-06
505,0.001668335,0.00016863548,6.3617154e-06
3896,0.0011678345,0.00016731714,6.311981e-06
3998,0.001668335,0.00016686373,6.2948766e-06
2185,0.0005005005,0.00016429837,6.198099e-06
2319,0.0021688356,0.00016357489,6.170806e-06
332,0.001001001,0.0001621802,6.118192e-06
594,0.001001001,0.00016060364,6.0587167e-06
143,0.001001001,0.00016046288,6.0534067e-06
3428,0.0011678345,0.00016035959,6.04951e-06
3272,0.001001001,0.00016025781,6.0456705e-06
876,0.0021688356,0.00015893913,5.995924e-06
1455,0.0031698365,0.00015885837,5.992877e-06
851,0.00333667,0.00015654122,5.9054637e-06
317,0.0015015015,0.00015641836,5.9008285e-06
1389,0.0008341675,0.00015443361,5.8259548e-06
2996,0.0015015015,0.00015288203,5.7674215e-06
3832,0.0008341675,0.00014983835,5.6526e-06
3378,0.0011678345,0.00014648918,5.526254e-06
3574,0.0008341675,0.000146058,5.509987e-06
175,0.001001001,0.00014541262,5.4856405e-06
1413,0.001334668,0.00014477951,5.4617567e-06
3035,0.001001001,0.00014372409,5.4219413e-06
960,0.0021688356,0.0001420859,5.3601416e-06
3427,0.0031698365,0.00014137343,5.3332637e-06
3435,0.001668335,0.00013912916,5.2485993e-06
610,0.0018351685,0.00013904124,5.2452824e-06
645,0.0018351685,0.0001381514,5.211714e-06
4067,0.0028361694,0.00013731665,5.180223e-06
3486,0.000667334,0.00013730906,5.179937e-06
4026,0.0011678345,0.00013706756,5.170826e-06
1891,0.001001001,0.00013700004,5.168279e-06
3530,0.0008341675,0.00013614506,5.1360253e-06
765,0.0008341675,0.00013508972,5.096213e-06
244,0.001001001,0.00013473425,5.082803e-06
878,0.0008341675,0.00013471945,5.0822446e-06
1491,0.0018351685,0.0001340091,5.0554468e-06
3125,0.001001001,0.00013337392,5.031485e-06
1393,0.0011678345,0.00013239522,4.994564e-06
1060,0.0015015015,0.00013205757,4.981826e-06
2801,0.000667334,0.00012985467,4.8987226e-06
2453,0.0031698365,0.00012919295,4.8737593e-06
2356,0.002002002,0.00012900888,4.8668157e-06
1071,0.0018351685,0.0001285591,4.8498478e-06
1971,0.000333667,0.0001267705,4.7823733e-06
982,0.0011678345,0.00012250475,4.621449e-06
1218,0.000667334,0.00012219905,4.609917e-06
3116,0.001001001,0.0001220478,4.604211e-06
1827,0.001334668,0.00012141151,4.580207e-06
2037,0.0005005005,0.00012016171,4.533059e-06
2246,0.001334668,0.00011994428,4.524856e-06
479,0.001334668,0.00011976474,4.5180836e-06
3342,0.0028361694,0.00011968273,4.5149895e-06
3833,0.001001001,0.00011657349,4.3976943e-06
721,0.0008341675,0.000115904244,4.3724476e-06
2060,0.001001001,0.000114952716,4.3365512e-06
4044,0.002002002,0.0001144419,4.3172813e-06
2462,0.002002002,0.000113417045,4.2786187e-06
911,0.000667334,0.00011301882,4.2635957e-06
3413,0.001001001,0.000112561655,4.2463494e-06
2812,0.000667334,0.00011158683,4.2095744e-06
882,0.0008341675,0.00011124653,4.196737e-06
2925,0.002669336,0.000110432375,4.1660232e-06
3313,0.0008341675,0.00010862464,4.097827e-06
1351,0.001668335,0.000108607754,4.09719e-06
3582,0.0011678345,0.00010830992,4.085954e-06
1427,0.0008341675,0.000108215274,4.082384e-06
66,0.0015015015,0.00010727766,4.0470127e-06
3949,0.002669336,0.00010589961,3.9950264e-06
615,0.000667334,0.00010561949,3.9844585e-06
772,0.0015015015,0.00010561476,3.9842803e-06
2299,0.001668335,0.00010466598,3.948488e-06
1171,0.002002002,0.00010422816,3.931971e-06
2680,0.000667334,0.00010363862,3.909731e-06
309,0.0008341675,0.00010323274,3.8944195e-06
2349,0.0011678345,0.00010321462,3.8937355e-06
1870,0.001334668,0.00010135775,3.8236863e-06
813,0.000667334,0.0001004438,3.7892078e-06
1253,0.0015015015,9.987631e-05,3.7677994e-06
2375,0.0011678345,9.9273006e-05,3.7450397e-06
2574,0.0011678345,9.87988e-05,3.7271507e-06
3487,0.001001001,9.868409e-05,3.722823e-06
1001,0.0011678345,9.8427794e-05,3.7131545e-06
3190,0.0015015015,9.8228156e-05,3.7056232e-06
1438,0.000667334,9.792962e-05,3.6943609e-06
3859,0.0008341675,9.782682e-05,3.690483e-06
1247,0.001334668,9.7420845e-05,3.6751676e-06
777,0.001668335,9.55627e-05,3.6050697e-06
2182,0.0005005005,9.457096e-05,3.567657e-06
2248,0.0005005005,9.438357e-05,3.5605874e-06
1047,0.0008341675,9.39809e-05,3.545397e-06
2666,0.0011678345,9.3681905e-05,3.5341175e-06
1,0.001334668,9.3382914e-05,3.5228381e-06
1589,0.0008341675,9.2737e-05,3.4984712e-06
3508,0.0015015015,9.263472e-05,3.4946129e-06
2956,0.001668335,9.191827e-05,3.467585e-06
3897,0.0008341675,9.0940994e-05,3.4307175e-06
1169,0.000667334,9.036094e-05,3.4088353e-06
2156,0.0015015015,8.985167e-05,3.389623e-06
1830,0.000667334,8.9843554e-05,3.389317e-06
818,0.0011678345,8.9501926e-05,3.3764293e-06
3608,0.001334668,8.9151195e-05,3.363198e-06
2166,0.0008341675,8.8699926e-05,3.346174e-06
2512,0.001001001,8.793195e-05,3.3172023e-06
2413,0.000667334,8.7445325e-05,3.2988446e-06
1515,0.0005005005,8.743591e-05,3.2984894e-06
2268,0.001001001,8.7351575e-05,3.295308e-06
1987,0.0005005005,8.7142835e-05,3.2874334e-06
1989,0.0005005005,8.69821e-05,3.2813698e-06
1955,0.0015015015,8.651975e-05,3.2639277e-06
1098,0.0005005005,8.651805e-05,3.2638634e-06
1346,0.0011678345,8.6476066e-05,3.2622797e-06
600,0.001001001,8.64746e-05,3.2622245e-06
1840,0.001334668,8.620575e-05,3.252082e-06
3674,0.0005005005,8.607897e-05,3.2472994e-06
618,0.0005005005,8.58604e-05,3.239054e-06
2158,0.001001001,8.5624946e-05,3.2301714e-06
2486,0.001001001,8.5479835e-05,3.2246971e-06
3945,0.000667334,8.455889e-05,3.1899547e-06
3739,0.0011678345,8.448435e-05,3.187143e-06
1016,0.001001001,8.273165e-05,3.1210227e-06
3076,0.0018351685,8.225319e-05,3.102973e-06
314,0.0005005005,8.2081606e-05,3.0965002e-06
1185,0.0011678345,8.1687496e-05,3.0816325e-06
1666,0.0018351685,8.168503e-05,3.0815395e-06
2606,0.001001001,8.161166e-05,3.0787717e-06
1629,0.0008341675,8.032593e-05,3.030268e-06
3496,0.0001668335,8.019399e-05,3.0252904e-06
734,0.0011678345,8.009368e-05,3.0215065e-06
367,0.0008341675,7.991644e-05,3.01482e-06
4033,0.001001001,7.989429e-05,3.0139845e-06
1039,0.001334668,7.982893e-05,3.0115189e-06
1229,0.000333667,7.9721984e-05,3.0074843e-06
3461,0.0008341675,7.946685e-05,2.9978596e-06
3057,0.000333667,7.9070545e-05,2.9829089e-06
3624,0.0005005005,7.900767e-05,2.980537e-06
2113,0.000667334,7.8819234e-05,2.9734283e-06
3364,0.0008341675,7.8531746e-05,2.962583e-06
988,0.0011678345,7.774444e-05,2.932882e-06
2667,0.000333667,7.739669e-05,2.9197633e-06
3781,0.001001001,7.7311866e-05,2.9165635e-06
1886,0.000667334,7.684139e-05,2.8988147e-06
3177,0.0011678345,7.540113e-05,2.8444815e-06
1621,0.0008341675,7.499925e-05,2.8293207e-06
2687,0.000667334,7.451522e-05,2.811061e-06
3397,0.000667334,7.4438125e-05,2.8081524e-06
1421,0.0015015015,7.425752e-05,2.8013394e-06
564,0.0011678345,7.393943e-05,2.7893395e-06
2585,0.001668335,7.348831e-05,2.772321e-06
4047,0.0008341675,7.344496e-05,2.7706856e-06
1818,0.0005005005,7.2950184e-05,2.7520205e-06
2879,0.0011678345,7.236878e-05,2.730087e-06
582,0.001334668,7.197074e-05,2.7150713e-06
8,0.001001001,7.127788e-05,2.6889334e-06
1207,0.000667334,7.119273e-05,2.685721e-06
1209,0.001001001,7.064116e-05,2.6649134e-06
3354,0.0005005005,7.0464586e-05,2.6582522e-06
2192,0.0011678345,7.033286e-05,2.653283e-06
4084,0.0008341675,7.0218186e-05,2.6489568e-06
2225,0.0008341675,6.9049434e-05,2.604866e-06
943,0.0008341675,6.8886446e-05,2.5987174e-06
430,0.0001668335,6.8591165e-05,2.587578e-06
680,0.000333667,6.83701e-05,2.5792383e-06
945,0.0005005005,6.591012e-05,2.4864364e-06
2459,0.0005005005,6.550586e-05,2.471186e-06
1027,0.001334668,6.547461e-05,2.470007e-06
2213,0.000667334,6.507835e-05,2.4550582e-06
1932,0.0008341675,6.4909385e-05,2.4486842e-06
2437,0.0011678345,6.405064e-05,2.4162882e-06
1696,0.0011678345,6.3647305e-05,2.4010726e-06
2757,0.000667334,6.334202e-05,2.389556e-06
3170,0.000333667,6.3160565e-05,2.3827106e-06
1779,0.0015015015,6.261607e-05,2.3621697e-06
946,0.001001001,6.2536965e-05,2.3591854e-06
2745,0.000667334,6.199582e-05,2.3387709e-06
808,0.0008341675,6.19375e-05,2.3365708e-06
3644,0.000667334,6.1582854e-05,2.323192e-06
623,0.001668335,6.148622e-05,2.3195464e-06
2878,0.000333667,6.1383056e-05,2.3156545e-06
2407,0.0008341675,6.0754825e-05,2.2919548e-06
829,0.000333667,6.0525967e-05,2.2833212e-06
4073,0.000667334,6.026198e-05,2.2733623e-06
831,0.0015015015,5.9947386e-05,2.2614945e-06
3693,0.000667334,5.972188e-05,2.2529873e-06
3329,0.0011678345,5.873992e-05,2.2159431e-06
1719,0.0001668335,5.7495057e-05,2.1689812e-06
2012,0.001001001,5.6896417e-05,2.1463977e-06
288,0.000333667,5.6082532e-05,2.115694e-06
754,0.0005005005,5.5074932e-05,2.0776827e-06
570,0.000333667,5.4886852e-05,2.0705875e-06
3802,0.0008341675,5.4776727e-05,2.0664331e-06
3888,0.000667334,5.4099517e-05,2.0408856e-06
26,0.0008341675,5.3927753e-05,2.034406e-06
1899,0.000333667,5.3750093e-05,2.0277037e-06
1100,0.0015015015,5.3737815e-05,2.0272405e-06
809,0.000333667,5.3587657e-05,2.021576e-06
2203,0.0015015015,5.357666e-05,2.021161e-06
4074,0.0015015015,5.3375286e-05,2.0135642e-06
2778,0.0005005005,5.3160275e-05,2.0054529e-06
2232,0.0005005005,5.3157637e-05,2.0053535e-06
2201,0.0005005005,5.2273066e-05,1.9719832e-06
898,0.000333667,5.2253374e-05,1.9712404e-06
411,0.0008341675,5.1901283e-05,1.957958e-06
3570,0.0005005005,5.1208157e-05,1.93181e-06
2755,0.001001001,5.1028503e-05,1.9250326e-06
2171,0.001001001,5.0782422e-05,1.9157494e-06
1791,0.001001001,5.0418155e-05,1.9020075e-06
3118,0.000667334,5.036896e-05,1.9001516e-06
3078,0.000333667,5.0344126e-05,1.8992148e-06
891,0.0008341675,5.008143e-05,1.8893047e-06
2103,0.000333667,5.0049992e-05,1.8881186e-06
2075,0.000667334,4.906764e-05,1.8510597e-06
1063,0.0008341675,4.8997645e-05,1.8484192e-06
338,0.0011678345,4.8889324e-05,1.8443328e-06
475,0.000667334,4.8532074e-05,1.8308557e-06
1488,0.0011678345,4.852901e-05,1.8307402e-06
699,0.0011678345,4.8499536e-05,1.8296282e-06
2284,0.000667334,4.8421167e-05,1.8266718e-06
565,0.0001668335,4.77338e-05,1.8007411e-06
2344,0.001001001,4.73355e-05,1.7857153e-06
3545,0.000333667,4.7279325e-05,1.7835962e-06
865,0.000333667,4.6779147e-05,1.7647271e-06
3769,0.000667334,4.6679725e-05,1.7609765e-06
580,0.000667334,4.6507295e-05,1.7544717e-06
1691,0.000333667,4.6431393e-05,1.7516082e-06
1011,0.002335669,4.6356872e-05,1.748797e-06
1503,0.0005005005,4.5939887e-05,1.7330664e-06
1143,0.000667334,4.5632674e-05,1.7214769e-06
3040,0.0008341675,4.4706034e-05,1.6865197e-06
2809,0.0001668335,4.4018547e-05,1.6605844e-06
3433,0.0008341675,4.376539e-05,1.6510343e-06
2015,0.0005005005,4.3648426e-05,1.6466217e-06
1165,0.000667334,4.345475e-05,1.6393154e-06
2669,0.001334668,4.342424e-05,1.6381643e-06
4031,0.001001001,4.33021e-05,1.6335568e-06
1612,0.0005005005,4.2747753e-05,1.6126443e-06
179,0.000667334,4.256014e-05,1.6055666e-06
928,0.0011678345,4.248976e-05,1.6029114e-06
2214,0.000667334,4.2486754e-05,1.6027981e-06
2830,0.0005005005,4.242587e-05,1.6005013e-06
2917,0.0005005005,4.2421314e-05,1.6003294e-06
1319,0.000667334,4.199588e-05,1.5842801e-06
3708,0.000333667,4.1802785e-05,1.5769956e-06
508,0.000333667,4.1665095e-05,1.5718012e-06
1771,0.0008341675,4.1638777e-05,1.5708084e-06
2679,0.0008341675,4.1373092e-05,1.5607856e-06
15,0.000333667,4.120217e-05,1.5543376e-06
3544,0.0005005005,4.119617e-05,1.5541112e-06
238,0.000667334,4.0738734e-05,1.5368547e-06
2832,0.001001001,4.0726274e-05,1.5363846e-06
1522,0.0005005005,4.0559982e-05,1.5301113e-06
1739,0.001334668,4.0249124e-05,1.5183842e-06
507,0.0001668335,4.0212966e-05,1.5170202e-06
514,0.0001668335,4.0100498e-05,1.5127774e-06
1182,0.0008341675,4.0032268e-05,1.5102034e-06
1894,0.0005005005,3.968817e-05,1.4972225e-06
1550,0.0008341675,3.9560404e-05,1.4924026e-06
2400,0.0005005005,3.9507915e-05,1.4904224e-06
552,0.000667334,3.9119575e-05,1.4757725e-06
1077,0.0005005005,3.907399e-05,1.4740529e-06
1837,0.000333667,3.8967566e-05,1.470038e-06
694,0.000667334,3.8907554e-05,1.467774e-06
3890,0.0001668335,3.8676255e-05,1.4590483e-06
3417,0.0005005005,3.8646e-05,1.457907e-06
2862,0.0001668335,3.8594986e-05,1.4559826e-06
4049,0.0005005005,3.8454946e-05,1.4506995e-06
2025,0.0001668335,3.8174658e-05,1.4401257e-06
3798,0.0008341675,3.7989197e-05,1.4331293e-06
3212,0.000333667,3.7927133e-05,1.430788e-06
655,0.0005005005,3.7470163e-05,1.413549e-06
2907,0.0011678345,3.742892e-05,1.411993e-06
1175,0.0005005005,3.6847305e-05,1.3900518e-06
1280,0.000333667,3.661126e-05,1.3811472e-06
2895,0.000333667,3.5921043e-05,1.3551089e-06
131,0.000667334,3.576883e-05,1.3493667e-06
3269,0.0005005005,3.5338297e-05,1.333125e-06
2702,0.000667334,3.5263696e-05,1.3303107e-06
4051,0.001001001,3.5201174e-05,1.3279521e-06
2078,0.0001668335,3.5081564e-05,1.3234398e-06
1032,0.0005005005,3.4964392e-05,1.3190196e-06
2835,0.000333667,3.4750337e-05,1.3109444e-06
1964,0.0001668335,3.4502867e-05,1.3016088e-06
667,0.000333667,3.436051e-05,1.2962383e-06
3959,0.000333667,3.432793e-05,1.2950094e-06
2393,0.000667334,3.4201017e-05,1.2902216e-06
543,0.0005005005,3.411301e-05,1.2869016e-06
875,0.001334668,3.3844728e-05,1.2767806e-06
2055,0.0001668335,3.3678843e-05,1.2705227e-06
296,0.0001668335,3.309596e-05,1.2485336e-06
2017,0.0001668335,3.3064407e-05,1.2473433e-06
3642,0.0001668335,3.279354e-05,1.237125e-06
3910,0.000667334,3.276198e-05,1.2359343e-06
89,0.0005005005,3.2729044e-05,1.2346918e-06
3027,0.0005005005,3.2697786e-05,1.2335126e-06
3690,0.0008341675,3.2663786e-05,1.23223e-06
2691,0.0011678345,3.2490487e-05,1.2256924e-06
710,0.000333667,3.150725e-05,1.1886001e-06
466,0.000667334,3.12077e-05,1.1772996e-06
3097,0.0008341675,3.117134e-05,1.1759281e-06
3518,0.000333667,3.1004594e-05,1.1696376e-06
1850,0.0001668335,3.050474e-05,1.1507808e-06
1435,0.0008341675,3.0443316e-05,1.1484635e-06
3491,0.001001001,3.0162155e-05,1.1378569e-06
363,0.0005005005,2.9874087e-05,1.1269896e-06
176,0.0001668335,2.9649947e-05,1.118534e-06
2287,0.0005005005,2.964456e-05,1.1183307e-06
2220,0.0001668335,2.9610717e-05,1.117054e-06
1753,0.000333667,2.948468e-05,1.1122993e-06
3017,0.000333667,2.919406e-05,1.1013358e-06
3379,0.0005005005,2.8965884e-05,1.092728e-06
2386,0.000667334,2.8958311e-05,1.0924423e-06
389,0.0001668335,2.8872648e-05,1.0892106e-06
1123,0.000667334,2.8836088e-05,1.0878315e-06
3820,0.0005005005,2.8794311e-05,1.0862555e-06
4069,0.0005005005,2.8766002e-05,1.0851875e-06
1716,0.0005005005,2.8684337e-05,1.0821067e-06
396,0.000333667,2.8483473e-05,1.0745292e-06
1658,0.000333667,2.8401695e-05,1.0714441e-06
3032,0.000333667,2.8393191e-05,1.0711233e-06
1357,0.000333667,2.8030487e-05,1.0574404e-06
971,0.0001668335,2.8012184e-05,1.05675e-06
3161,0.000667334,2.7982436e-05,1.0556278e-06
1560,0.0001668335,2.7541155e-05,1.0389805e-06
1610,0.000667334,2.7533495e-05,1.0386916e-06
2582,0.000333667,2.7417891e-05,1.0343305e-06
3687,0.0005005005,2.7182456e-05,1.0254487e-06
2838,0.0005005005,2.703451e-05,1.0198676e-06
927,0.000333667,2.6802618e-05,1.0111195e-06
1537,0.000333667,2.6638145e-05,1.0049148e-06
834,0.0001668335,2.6557702e-05,1.0018802e-06
1120,0.0005005005,2.6550559e-05,1.0016106e-06
1074,0.0005005005,2.65239e-05,1.0006049e-06
2908,0.0005005005,2.6309172e-05,9.925044e-07
1437,0.0005005005,2.6171485e-05,9.873103e-07
358,0.000333667,2.5657488e-05,9.679198e-07
3773,0.0005005005,2.5388095e-05,9.577572e-07
1479,0.001001001,2.5347777e-05,9.562361e-07
1529,0.000333667,2.522057e-05,9.514373e-07
262,0.0001668335,2.4560797e-05,9.2654756e-07
924,0.0008341675,2.4475226e-05,9.233195e-07
1561,0.000667334,2.4397628e-05,9.203921e-07
1431,0.000667334,2.4350551e-05,9.1861614e-07
2440,0.000333667,2.425559e-05,9.1503375e-07
1086,0.000333667,2.4154437e-05,9.112178e-07
629,0.000667334,2.407565e-05,9.082456e-07
822,0.0001668335,2.3855931e-05,8.999568e-07
2320,0.0001668335,2.3820163e-05,8.986074e-07
1797,0.000333667,2.3795059e-05,8.9766036e-07
3817,0.0001668335,2.3536804e-05,8.879178e-07
1052,0.0005005005,2.3502189e-05,8.8661193e-07
2815,0.0001668335,2.3153416e-05,8.734546e-07
1509,0.000333667,2.3138926e-05,8.7290795e-07
1340,0.000333667,2.3065033e-05,8.701204e-07
1252,0.000667334,2.26578e-05,8.547577e-07
2340,0.0001668335,2.236781e-05,8.4381793e-07
972,0.0001668335,2.236473e-05,8.437017e-07
2189,0.0001668335,2.2109765e-05,8.3408327e-07
1730,0.0005005005,2.1943817e-05,8.2782293e-07
127,0.0001668335,2.1694896e-05,8.1843245e-07
2597,0.000333667,2.1320797e-05,8.043197e-07
31,0.000667334,2.1254356e-05,8.0181326e-07
1555,0.000333667,2.1174565e-05,7.988031e-07
336,0.0005005005,2.1066047e-05,7.9470936e-07
2262,0.000333667,2.0868047e-05,7.8723986e-07
1947,0.000333667,2.0804175e-05,7.848303e-07
2995,0.000333667,2.0704614e-05,7.810744e-07
2556,0.0005005005,2.060934e-05,7.774802e-07
1369,0.0001668335,2.0492635e-05,7.7307755e-07
1230,0.000667334,2.0483247e-05,7.727234e-07
302,0.000667334,2.046918e-05,7.721928e-07
3384,0.000333667,2.0454772e-05,7.716492e-07
4053,0.0005005005,2.0382246e-05,7.6891314e-07
3482,0.000333667,2.0303301e-05,7.65935e-07
172,0.000333667,2.0291234e-05,7.654798e-07
1036,0.000333667,2.0228603e-05,7.6311704e-07
318,0.000333667,2.0198102e-05,7.619664e-07
3079,0.000667334,2.0180018e-05,7.612842e-07
1506,0.0005005005,2.0081296e-05,7.575599e-07
1414,0.0001668335,1.9949248e-05,7.525785e-07
441,0.0008341675,1.9934125e-05,7.5200796e-07
1685,0.000667334,1.9880961e-05,7.5000236e-07
1551,0.000333667,1.9735497e-05,7.445148e-07
3755,0.000333667,1.9722022e-05,7.4400646e-07
1322,0.0001668335,1.9341289e-05,7.2964343e-07
2244,0.0001668335,1.9280444e-05,7.273481e-07
1416,0.0005005005,1.927085e-05,7.269862e-07
2196,0.000333667,1.8991108e-05,7.1643296e-07
52,0.0005005005,1.89417e-05,7.145691e-07
3315,0.0005005005,1.860396e-05,7.0182796e-07
379,0.0005005005,1.8180699e-05,6.858606e-07
1684,0.0005005005,1.806397e-05,6.8145704e-07
2831,0.000667334,1.7858107e-05,6.736909e-07
73,0.000333667,1.7651308e-05,6.658895e-07
3207,0.0001668335,1.741898e-05,6.5712504e-07
1059,0.000333667,1.7409877e-05,6.567816e-07
2150,0.0001668335,1.7026316e-05,6.423119e-07
1382,0.0001668335,1.687331e-05,6.3653977e-07
1140,0.000333667,1.6764883e-05,6.324494e-07
3989,0.0005005005,1.6580754e-05,6.255032e-07
1265,0.0001668335,1.651453e-05,6.2300495e-07
3990,0.000333667,1.6450827e-05,6.206018e-07
2796,0.000333667,1.6408021e-05,6.189869e-07
245,0.0001668335,1.6274473e-05,6.139488e-07
2033,0.0001668335,1.5805357e-05,5.9625165e-07
2622,0.000333667,1.5786716e-05,5.955484e-07
3698,0.0001668335,1.5719079e-05,5.929968e-07
469,0.0001668335,1.5651067e-05,5.9043106e-07
27,0.000333667,1.560428e-05,5.8866607e-07
2148,0.000333667,1.5460644e-05,5.8324747e-07
3980,0.0005005005,1.5429869e-05,5.8208644e-07
1701,0.0005005005,1.5258555e-05,5.7562374e-07
56,0.000667334,1.5051519e-05,5.6781334e-07
1624,0.0001668335,1.4979661e-05,5.6510254e-07
3987,0.0005005005,1.4973393e-05,5.6486607e-07
305,0.000667334,1.4910907e-05,5.6250883e-07
2969,0.000333667,1.4557065e-05,5.4916023e-07
2926,0.000333667,1.4526166e-05,5.4799455e-07
901,0.000333667,1.4391353e-05,5.429088e-07
907,0.0001668335,1.4363458e-05,5.418565e-07
1498,0.0001668335,1.4336055e-05,5.408227e-07
1693,0.0001668335,1.4325971e-05,5.4044233e-07
63,0.000333667,1.4312839e-05,5.399469e-07
934,0.000333667,1.4002203e-05,5.2822827e-07
1876,0.000333667,1.3610974e-05,5.134693e-07
178,0.0005005005,1.3581371e-05,5.123525e-07
944,0.0005005005,1.3512323e-05,5.097477e-07
3299,0.000333667,1.3495577e-05,5.09116e-07
2390,0.000333667,1.3433596e-05,5.067778e-07
82,0.000333667,1.3297845e-05,5.016566e-07
3452,0.000667334,1.3260169e-05,5.002353e-07
3638,0.0001668335,1.32061905e-05,4.98199e-07
2706,0.0001668335,1.3063885e-05,4.928305e-07
789,0.0001668335,1.3000925e-05,4.9045536e-07
2647,0.000333667,1.2943607e-05,4.882931e-07
1727,0.0008341675,1.286083e-05,4.8517035e-07
207,0.0001668335,1.2670586e-05,4.7799347e-07
1839,0.0001668335,1.2608887e-05,4.756659e-07
2848,0.000333667,1.2431124e-05,4.6895983e-07
487,0.000333667,1.212007e-05,4.5722544e-07
2000,0.0005005005,1.20572395e-05,4.5485518e-07
1969,0.000333667,1.1967195e-05,4.5145828e-07
917,0.0005005005,1.1893215e-05,4.486674e-07
242,0.000333667,1.1887994e-05,4.4847047e-07
2283,0.0001668335,1.187056e-05,4.4781277e-07
3261,0.0001668335,1.17820955e-05,4.444755e-07
1281,0.0001668335,1.1524736e-05,4.3476666e-07
775,0.0001668335,1.1443861e-05,4.3171568e-07
2116,0.0001668335,1.1309852e-05,4.2666025e-07
2427,0.0001668335,1.1239304e-05,4.2399884e-07
14,0.000333667,1.1217683e-05,4.2318322e-07
208,0.0001668335,1.095322e-05,4.1320644e-07
1569,0.0001668335,1.0800057e-05,4.0742842e-07
640,0.000667334,1.0800044e-05,4.0742793e-07
1031,0.0001668335,1.0757272e-05,4.0581438e-07
138,0.0001668335,1.0627175e-05,4.009065e-07
2,0.0001668335,1.0370719e-05,3.912318e-07
1800,0.000333667,1.0132414e-05,3.822418e-07
2566,0.0005005005,1.0123696e-05,3.819129e-07
2119,0.0001668335,1.0071264e-05,3.7993496e-07
3952,0.0001668335,9.964975e-06,3.7592523e-07
2494,0.0001668335,9.861854e-06,3.7203503e-07
222,0.0001668335,9.849747e-06,3.715783e-07
2864,0.0001668335,9.7395305e-06,3.6742043e-07
3716,0.0001668335,9.510947e-06,3.587972e-07
2466,0.0001668335,9.0934545e-06,3.4304742e-07
403,0.000333667,8.8917395e-06,3.354378e-07
130,0.000333667,8.813455e-06,3.3248455e-07
845,0.0001668335,8.80319e-06,3.320973e-07
3252,0.0001668335,8.745027e-06,3.2990312e-07
1472,0.0001668335,8.674626e-06,3.2724725e-07
2069,0.0001668335,8.615691e-06,3.2502396e-07
2611,0.0001668335,8.518701e-06,3.2136506e-07
210,0.0001668335,8.372137e-06,3.1583596e-07
2448,0.0001668335,8.024568e-06,3.0272406e-07
3926,0.0001668335,7.998416e-06,3.0173746e-07
3976,0.0001668335,7.926724e-06,2.990329e-07
3962,0.000333667,7.580567e-06,2.8597427e-07
1712,0.0001668335,7.5593866e-06,2.8517525e-07
2816,0.0001668335,7.5367016e-06,2.8431947e-07
622,0.0001668335,7.5137914e-06,2.834552e-07
182,0.0001668335,7.5127714e-06,2.834167e-07
151,0.0001668335,7.270827e-06,2.7428945e-07
1096,0.0001668335,7.197888e-06,2.7153783e-07
3934,0.0001668335,7.1364916e-06,2.692217e-07
2701,0.0001668335,7.1040813e-06,2.67999e-07
3841,0.000333667,7.0952233e-06,2.6766483e-07
553,0.0001668335,7.081834e-06,2.6715975e-07
841,0.0001668335,7.0117603e-06,2.6451625e-07
1485,0.0001668335,6.9757943e-06,2.6315942e-07
1286,0.0001668335,6.969162e-06,2.6290923e-07
3446,0.000333667,6.9614457e-06,2.6261813e-07
541,0.0001668335,6.9107714e-06,2.6070646e-07
1864,0.0001668335,6.905175e-06,2.6049534e-07
2880,0.0001668335,6.7836268e-06,2.5590998e-07
3703,0.0001668335,6.744713e-06,2.5444197e-07
823,0.0001668335,6.7072315e-06,2.53028e-07
192,0.0001668335,6.6144494e-06,2.495278e-07
1642,0.000333667,6.5290506e-06,2.4630617e-07
3333,0.0001668335,6.26516e-06,2.36351e-07
2045,0.0005005005,6.260566e-06,2.3617768e-07
1019,0.000333667,6.2370277e-06,2.3528972e-07
2276,0.0001668335,6.213607e-06,2.3440617e-07
1284,0.0001668335,6.177738e-06,2.3305304e-07
3366,0.0001668335,5.608331e-06,2.1157234e-07
3730,0.000333667,5.600172e-06,2.1126455e-07
4021,0.0001668335,5.1470447e-06,1.9417048e-07
92,0.0001668335,5.1090606e-06,1.9273755e-07
2175,0.0001668335,5.109034e-06,1.9273655e-07
3188,0.0001668335,5.057989e-06,1.9081088e-07
1911,0.000667334,4.9598834e-06,1.8710989e-07
350,0.000333667,4.8750376e-06,1.8390911e-07
2984,0.000333667,4.8013003e-06,1.8112739e-07
2649,0.000333667,4.6012046e-06,1.7357885e-07
3771,0.0001668335,4.3134537e-06,1.6272355e-07
1410,0.0001668335,4.092677e-06,1.5439483e-07
370,0.000333667,4.0737145e-06,1.5367947e-07
3805,0.000333667,3.8853223e-06,1.4657243e-07
874,0.0001668335,3.6569852e-06,1.3795851e-07
3146,0.000333667,3.6255879e-06,1.3677405e-07
2341,0.0001668335,3.4639702e-06,1.3067708e-07
2303,0.0001668335,3.366642e-06,1.270054e-07
32,0.0001668335,3.265406e-06,1.2318631e-07
3127,0.0001668335,3.1983159e-06,1.2065536e-07
3043,0.0001668335,3.1702994e-06,1.1959844e-07
1983,0.0001668335,3.1064856e-06,1.1719109e-07
3276,0.000333667,3.102599e-06,1.1704448e-07
3971,0.0001668335,3.0948029e-06,1.1675037e-07
1030,0.0001668335,3.0832066e-06,1.16312904e-07
815,0.0001668335,3.0575436e-06,1.15344776e-07
1986,0.0001668335,2.9027576e-06,1.0950553e-07
1407,0.0001668335,2.8987283e-06,1.0935352e-07
513,0.000333667,2.8305917e-06,1.0678309e-07
798,0.0001668335,2.816596e-06,1.0625511e-07
1847,0.0001668335,2.7635003e-06,1.04252095e-07
993,0.0001668335,2.7564315e-06,1.0398543e-07
1999,0.0001668335,2.749049e-06,1.0370692e-07
2729,0.0001668335,2.6981108e-06,1.017853e-07
282,0.0001668335,2.4900896e-06,9.393777e-08
3774,0.0001668335,2.4551039e-06,9.2617945e-08
1789,0.0001668335,2.3705077e-06,8.9426585e-08
326,0.0001668335,2.2631082e-06,8.537497e-08
2043,0.0001668335,2.1581425e-06,8.141518e-08
2785,0.0001668335,1.9806914e-06,7.47209e-08
2841,0.0001668335,1.8827525e-06,7.1026186e-08
1915,0.0001668335,1.8577281e-06,7.008215e-08
2548,0.0001668335,1.7860955e-06,6.737984e-08
746,0.0001668335,1.7740717e-06,6.692624e-08
2314,0.0001668335,1.773428e-06,6.690196e-08
1958,0.0001668335,1.666651e-06,6.287383e-08
3046,0.000333667,1.6624845e-06,6.271665e-08
1020,0.0001668335,1.4175534e-06,5.3476715e-08
49,0.0001668335,1.3935153e-06,5.256988e-08
2636,0.0001668335,1.3704699e-06,5.1700503e-08
558,0.0001668335,1.359725e-06,5.1295157e-08
1767,0.0001668335,1.3210939e-06,4.9837812e-08
3761,0.0001668335,1.036823e-06,3.911379e-08
2371,0.0001668335,9.557864e-07,3.605671e-08
1889,0.0001668335,9.271094e-07,3.497488e-08
3967,0.0001668335,9.0241457e-07,3.404328e-08
1562,0.0001668335,8.968173e-07,3.3832123e-08
3921,0.0001668335,7.995589e-07,3.0163083e-08
3003,0.0001668335,7.927377e-07,2.9905756e-08
2600,0.0001668335,7.9068286e-07,2.9828236e-08
1682,0.0001668335,7.401709e-07,2.792269e-08
3372,0.0001668335,6.3899915e-07,2.4106022e-08
567,0.0001668335,5.7449677e-07,2.1672692e-08
3181,0.0001668335,4.0256472e-07,1.5186615e-08
597,0.0001668335,3.6092214e-07,1.3615663e-08
3837,0.0001668335,2.773817e-07,1.0464129e-08
4092,0.0001668335,2.2570595e-07,8.514679e-09
2526,0.0,1.15325825e-07,4.350627e-09
941,0.0,5.3348284e-08,2.0125455e-09
2974,0.0,0.0,0.0
2410,0.0,0.0,0.0
2416,0.0,0.0,0.0
2947,0.0,0.0,0.0
2948,0.0,0.0,0.0
2937,0.0,0.0,0.0
2409,0.0,0.0,0.0
2973,0.0,0.0,0.0
2939,0.0,0.0,0.0
2936,0.0,0.0,0.0
2941,0.0,0.0,0.0
2411,0.0,0.0,0.0
2412,0.0,0.0,0.0
2857,0.0,0.0,0.0
2940,0.0,0.0,0.0
2859,0.0,0.0,0.0
2856,0.0,0.0,0.0
2855,0.0,0.0,0.0
2860,0.0,0.0,0.0
2944,0.0,0.0,0.0
2414,0.0,0.0,0.0
2861,0.0,0.0,0.0
2975,0.0,0.0,0.0
2415,0.0,0.0,0.0
2408,0.0,0.0,0.0
2943,0.0,0.0,0.0
2381,0.0,0.0,0.0
2852,0.0,0.0,0.0
2942,0.0,0.0,0.0
2392,0.0,0.0,0.0
2972,0.0,0.0,0.0
2893,0.0,0.0,0.0
2373,0.0,0.0,0.0
2912,0.0,0.0,0.0
2966,0.0,0.0,0.0
2896,0.0,0.0,0.0
2913,0.0,0.0,0.0
2914,0.0,0.0,0.0
2915,0.0,0.0,0.0
2395,0.0,0.0,0.0
2396,0.0,0.0,0.0
2894,0.0,0.0,0.0
2916,0.0,0.0,0.0
2382,0.0,0.0,0.0
2892,0.0,0.0,0.0
2918,0.0,0.0,0.0
2919,0.0,0.0,0.0
2891,0.0,0.0,0.0
2890,0.0,0.0,0.0
2920,0.0,0.0,0.0
2889,0.0,0.0,0.0
2967,0.0,0.0,0.0
2921,0.0,0.0,0.0
2888,0.0,0.0,0.0
2897,0.0,0.0,0.0
2953,0.0,0.0,0.0
2965,0.0,0.0,0.0
2898,0.0,0.0,0.0
2962,0.0,0.0,0.0
2374,0.0,0.0,0.0
2906,0.0,0.0,0.0
2905,0.0,0.0,0.0
2960,0.0,0.0,0.0
2959,0.0,0.0,0.0
2904,0.0,0.0,0.0
2851,0.0,0.0,0.0
2958,0.0,0.0,0.0
2957,0.0,0.0,0.0
2963,0.0,0.0,0.0
2394,0.0,0.0,0.0
2389,0.0,0.0,0.0
2910,0.0,0.0,0.0
2911,0.0,0.0,0.0
2388,0.0,0.0,0.0
2954,0.0,0.0,0.0
2901,0.0,0.0,0.0
2900,0.0,0.0,0.0
2964,0.0,0.0,0.0
2899,0.0,0.0,0.0
2887,0.0,0.0,0.0
2377,0.0,0.0,0.0
2387,0.0,0.0,0.0
2877,0.0,0.0,0.0
2384,0.0,0.0,0.0
2931,0.0,0.0,0.0
2970,0.0,0.0,0.0
2405,0.0,0.0,0.0
2932,0.0,0.0,0.0
2933,0.0,0.0,0.0
2874,0.0,0.0,0.0
2873,0.0,0.0,0.0
2872,0.0,0.0,0.0
2971,0.0,0.0,0.0
2871,0.0,0.0,0.0
2870,0.0,0.0,0.0
2934,0.0,0.0,0.0
2935,0.0,0.0,0.0
2370,0.0,0.0,0.0
2869,0.0,0.0,0.0
2949,0.0,0.0,0.0
2868,0.0,0.0,0.0
2406,0.0,0.0,0.0
2867,0.0,0.0,0.0
2866,0.0,0.0,0.0
2930,0.0,0.0,0.0
2404,0.0,0.0,0.0
2398,0.0,0.0,0.0
2929,0.0,0.0,0.0
2886,0.0,0.0,0.0
2885,0.0,0.0,0.0
2372,0.0,0.0,0.0
2884,0.0,0.0,0.0
2952,0.0,0.0,0.0
2399,0.0,0.0,0.0
2922,0.0,0.0,0.0
2923,0.0,0.0,0.0
2401,0.0,0.0,0.0
2883,0.0,0.0,0.0
2924,0.0,0.0,0.0
2882,0.0,0.0,0.0
2881,0.0,0.0,0.0
2403,0.0,0.0,0.0
2927,0.0,0.0,0.0
2928,0.0,0.0,0.0
2378,0.0,0.0,0.0
2385,0.0,0.0,0.0
2379,0.0,0.0,0.0
2968,0.0,0.0,0.0
2950,0.0,0.0,0.0
2946,0.0,0.0,0.0
2742,0.0,0.0,0.0
2417,0.0,0.0,0.0
2665,0.0,0.0,0.0
2482,0.0,0.0,0.0
2610,0.0,0.0,0.0
2612,0.0,0.0,0.0
2613,0.0,0.0,0.0
2614,0.0,0.0,0.0
2615,0.0,0.0,0.0
2617,0.0,0.0,0.0
2618,0.0,0.0,0.0
2619,0.0,0.0,0.0
2480,0.0,0.0,0.0
2479,0.0,0.0,0.0
2620,0.0,0.0,0.0
2478,0.0,0.0,0.0
2621,0.0,0.0,0.0
2623,0.0,0.0,0.0
2624,0.0,0.0,0.0
2626,0.0,0.0,0.0
2483,0.0,0.0,0.0
2607,0.0,0.0,0.0
2605,0.0,0.0,0.0
2595,0.0,0.0,0.0
2590,0.0,0.0,0.0
2488,0.0,0.0,0.0
2591,0.0,0.0,0.0
2592,0.0,0.0,0.0
2593,0.0,0.0,0.0
2487,0.0,0.0,0.0
2594,0.0,0.0,0.0
2596,0.0,0.0,0.0
2604,0.0,0.0,0.0
2598,0.0,0.0,0.0
2599,0.0,0.0,0.0
2485,0.0,0.0,0.0
2601,0.0,0.0,0.0
2484,0.0,0.0,0.0
2602,0.0,0.0,0.0
2603,0.0,0.0,0.0
2477,0.0,0.0,0.0
2628,0.0,0.0,0.0
2629,0.0,0.0,0.0
2657,0.0,0.0,0.0
2469,0.0,0.0,0.0
2468,0.0,0.0,0.0
2652,0.0,0.0,0.0
2653,0.0,0.0,0.0
2467,0.0,0.0,0.0
2655,0.0,0.0,0.0
2656,0.0,0.0,0.0
2465,0.0,0.0,0.0
2470,0.0,0.0,0.0
2658,0.0,0.0,0.0
2659,0.0,0.0,0.0
2660,0.0,0.0,0.0
2661,0.0,0.0,0.0
2662,0.0,0.0,0.0
2663,0.0,0.0,0.0
2664,0.0,0.0,0.0
2651,0.0,0.0,0.0
2471,0.0,0.0,0.0
2630,0.0,0.0,0.0
2475,0.0,0.0,0.0
2631,0.0,0.0,0.0
2632,0.0,0.0,0.0
2633,0.0,0.0,0.0
2634,0.0,0.0,0.0
2635,0.0,0.0,0.0
2637,0.0,0.0,0.0
2638,0.0,0.0,0.0
2639,0.0,0.0,0.0
2472,0.0,0.0,0.0
2474,0.0,0.0,0.0
2640,0.0,0.0,0.0
2642,0.0,0.0,0.0
2644,0.0,0.0,0.0
2645,0.0,0.0,0.0
2646,0.0,0.0,0.0
2648,0.0,0.0,0.0
2589,0.0,0.0,0.0
2489,0.0,0.0,0.0
2587,0.0,0.0,0.0
2535,0.0,0.0,0.0
2530,0.0,0.0,0.0
2503,0.0,0.0,0.0
2531,0.0,0.0,0.0
2532,0.0,0.0,0.0
2502,0.0,0.0,0.0
2533,0.0,0.0,0.0
2534,0.0,0.0,0.0
2536,0.0,0.0,0.0
2528,0.0,0.0,0.0
2537,0.0,0.0,0.0
2538,0.0,0.0,0.0
2539,0.0,0.0,0.0
2540,0.0,0.0,0.0
2501,0.0,0.0,0.0
2541,0.0,0.0,0.0
2542,0.0,0.0,0.0
2529,0.0,0.0,0.0
2525,0.0,0.0,0.0
2544,0.0,0.0,0.0
2514,0.0,0.0,0.0
2506,0.0,0.0,0.0
2507,0.0,0.0,0.0
2508,0.0,0.0,0.0
2505,0.0,0.0,0.0
2509,0.0,0.0,0.0
2511,0.0,0.0,0.0
2513,0.0,0.0,0.0
2516,0.0,0.0,0.0
2524,0.0,0.0,0.0
2517,0.0,0.0,0.0
2518,0.0,0.0,0.0
2519,0.0,0.0,0.0
2520,0.0,0.0,0.0
2521,0.0,0.0,0.0
2523,0.0,0.0,0.0
2504,0.0,0.0,0.0
2543,0.0,0.0,0.0
2545,0.0,0.0,0.0
2586,0.0,0.0,0.0
2576,0.0,0.0,0.0
2568,0.0,0.0,0.0
2495,0.0,0.0,0.0
2569,0.0,0.0,0.0
2570,0.0,0.0,0.0
2571,0.0,0.0,0.0
2573,0.0,0.0,0.0
2575,0.0,0.0,0.0
2578,0.0,0.0,0.0
2565,0.0,0.0,0.0
2493,0.0,0.0,0.0
2492,0.0,0.0,0.0
2579,0.0,0.0,0.0
2581,0.0,0.0,0.0
2490,0.0,0.0,0.0
2583,0.0,0.0,0.0
2584,0.0,0.0,0.0
2567,0.0,0.0,0.0
2564,0.0,0.0,0.0
2500,0.0,0.0,0.0
2553,0.0,0.0,0.0
2546,0.0,0.0,0.0
2547,0.0,0.0,0.0
2549,0.0,0.0,0.0
2499,0.0,0.0,0.0
2550,0.0,0.0,0.0
2551,0.0,0.0,0.0
2552,0.0,0.0,0.0
2498,0.0,0.0,0.0
2496,0.0,0.0,0.0
2554,0.0,0.0,0.0
2555,0.0,0.0,0.0
2557,0.0,0.0,0.0
2497,0.0,0.0,0.0
2559,0.0,0.0,0.0
2561,0.0,0.0,0.0
2562,0.0,0.0,0.0
2464,0.0,0.0,0.0
2463,0.0,0.0,0.0
2850,0.0,0.0,0.0
2668,0.0,0.0,0.0
2787,0.0,0.0,0.0
2788,0.0,0.0,0.0
2790,0.0,0.0,0.0
2791,0.0,0.0,0.0
2792,0.0,0.0,0.0
2793,0.0,0.0,0.0
2433,0.0,0.0,0.0
2432,0.0,0.0,0.0
2797,0.0,0.0,0.0
2431,0.0,0.0,0.0
2798,0.0,0.0,0.0
2799,0.0,0.0,0.0
2800,0.0,0.0,0.0
2430,0.0,0.0,0.0
2802,0.0,0.0,0.0
2803,0.0,0.0,0.0
2804,0.0,0.0,0.0
2786,0.0,0.0,0.0
2784,0.0,0.0,0.0
2783,0.0,0.0,0.0
2774,0.0,0.0,0.0
2767,0.0,0.0,0.0
2768,0.0,0.0,0.0
2769,0.0,0.0,0.0
2770,0.0,0.0,0.0
2771,0.0,0.0,0.0
2772,0.0,0.0,0.0
2773,0.0,0.0,0.0
2435,0.0,0.0,0.0
2782,0.0,0.0,0.0
2434,0.0,0.0,0.0
2775,0.0,0.0,0.0
2776,0.0,0.0,0.0
2777,0.0,0.0,0.0
2779,0.0,0.0,0.0
2780,0.0,0.0,0.0
2781,0.0,0.0,0.0
2429,0.0,0.0,0.0
2805,0.0,0.0,0.0
2806,0.0,0.0,0.0
2843,0.0,0.0,0.0
2423,0.0,0.0,0.0
2836,0.0,0.0,0.0
2837,0.0,0.0,0.0
2422,0.0,0.0,0.0
2840,0.0,0.0,0.0
2421,0.0,0.0,0.0
2842,0.0,0.0,0.0
2844,0.0,0.0,0.0
2833,0.0,0.0,0.0
2845,0.0,0.0,0.0
2846,0.0,0.0,0.0
2847,0.0,0.0,0.0
2420,0.0,0.0,0.0
2849,0.0,0.0,0.0
2419,0.0,0.0,0.0
2418,0.0,0.0,0.0
2834,0.0,0.0,0.0
2829,0.0,0.0,0.0
2807,0.0,0.0,0.0
2819,0.0,0.0,0.0
2808,0.0,0.0,0.0
2810,0.0,0.0,0.0
2811,0.0,0.0,0.0
2428,0.0,0.0,0.0
2426,0.0,0.0,0.0
2817,0.0,0.0,0.0
2818,0.0,0.0,0.0
2820,0.0,0.0,0.0
2424,0.0,0.0,0.0
2821,0.0,0.0,0.0
2822,0.0,0.0,0.0
2425,0.0,0.0,0.0
2823,0.0,0.0,0.0
2824,0.0,0.0,0.0
2825,0.0,0.0,0.0
2826,0.0,0.0,0.0
2438,0.0,0.0,0.0
2766,0.0,0.0,0.0
2765,0.0,0.0,0.0
2454,0.0,0.0,0.0
2699,0.0,0.0,0.0
2704,0.0,0.0,0.0
2705,0.0,0.0,0.0
2707,0.0,0.0,0.0
2456,0.0,0.0,0.0
2455,0.0,0.0,0.0
2709,0.0,0.0,0.0
2710,0.0,0.0,0.0
2696,0.0,0.0,0.0
2712,0.0,0.0,0.0
2452,0.0,0.0,0.0
2451,0.0,0.0,0.0
2715,0.0,0.0,0.0
2716,0.0,0.0,0.0
2449,0.0,0.0,0.0
2718,0.0,0.0,0.0
2458,0.0,0.0,0.0
2695,0.0,0.0,0.0
2720,0.0,0.0,0.0
2678,0.0,0.0,0.0
2671,0.0,0.0,0.0
2673,0.0,0.0,0.0
2674,0.0,0.0,0.0
2977,0.0,0.0,0.0
2675,0.0,0.0,0.0
2676,0.0,0.0,0.0
2677,0.0,0.0,0.0
2681,0.0,0.0,0.0
2694,0.0,0.0,0.0
2682,0.0,0.0,0.0
2683,0.0,0.0,0.0
2461,0.0,0.0,0.0
2689,0.0,0.0,0.0
2460,0.0,0.0,0.0
2692,0.0,0.0,0.0
2693,0.0,0.0,0.0
2719,0.0,0.0,0.0
2721,0.0,0.0,0.0
2763,0.0,0.0,0.0
2754,0.0,0.0,0.0
2746,0.0,0.0,0.0
2747,0.0,0.0,0.0
2748,0.0,0.0,0.0
2750,0.0,0.0,0.0
2751,0.0,0.0,0.0
2752,0.0,0.0,0.0
2753,0.0,0.0,0.0
2442,0.0,0.0,0.0
2444,0.0,0.0,0.0
2441,0.0,0.0,0.0
2756,0.0,0.0,0.0
2758,0.0,0.0,0.0
2759,0.0,0.0,0.0
2760,0.0,0.0,0.0
2761,0.0,0.0,0.0
2439,0.0,0.0,0.0
2744,0.0,0.0,0.0
2743,0.0,0.0,0.0
2723,0.0,0.0,0.0
2734,0.0,0.0,0.0
2724,0.0,0.0,0.0
2447,0.0,0.0,0.0
2727,0.0,0.0,0.0
2730,0.0,0.0,0.0
2731,0.0,0.0,0.0
2732,0.0,0.0,0.0
2733,0.0,0.0,0.0
2735,0.0,0.0,0.0
2741,0.0,0.0,0.0
2736,0.0,0.0,0.0
2446,0.0,0.0,0.0
2737,0.0,0.0,0.0
2738,0.0,0.0,0.0
2739,0.0,0.0,0.0
2740,0.0,0.0,0.0
2445,0.0,0.0,0.0
2976,0.0,0.0,0.0
0,0.0,0.0,0.0
2978,0.0,0.0,0.0
3718,0.0,0.0,0.0
3705,0.0,0.0,0.0
3706,0.0,0.0,0.0
3709,0.0,0.0,0.0
3710,0.0,0.0,0.0
3711,0.0,0.0,0.0
3712,0.0,0.0,0.0
3713,0.0,0.0,0.0
3714,0.0,0.0,0.0
3715,0.0,0.0,0.0
3717,0.0,0.0,0.0
3719,0.0,0.0,0.0
3702,0.0,0.0,0.0
3721,0.0,0.0,0.0
3722,0.0,0.0,0.0
3723,0.0,0.0,0.0
3724,0.0,0.0,0.0
3725,0.0,0.0,0.0
3726,0.0,0.0,0.0
3727,0.0,0.0,0.0
3728,0.0,0.0,0.0
3729,0.0,0.0,0.0
3731,0.0,0.0,0.0
3704,0.0,0.0,0.0
3699,0.0,0.0,0.0
3733,0.0,0.0,0.0
3680,0.0,0.0,0.0
3668,0.0,0.0,0.0
3669,0.0,0.0,0.0
3670,0.0,0.0,0.0
3671,0.0,0.0,0.0
3673,0.0,0.0,0.0
3675,0.0,0.0,0.0
3676,0.0,0.0,0.0
3677,0.0,0.0,0.0
3678,0.0,0.0,0.0
3679,0.0,0.0,0.0
3681,0.0,0.0,0.0
3697,0.0,0.0,0.0
3682,0.0,0.0,0.0
3683,0.0,0.0,0.0
3684,0.0,0.0,0.0
3685,0.0,0.0,0.0
3686,0.0,0.0,0.0
3688,0.0,0.0,0.0
3689,0.0,0.0,0.0
3692,0.0,0.0,0.0
3694,0.0,0.0,0.0
3696,0.0,0.0,0.0
3732,0.0,0.0,0.0
3735,0.0,0.0,0.0
3803,0.0,0.0,0.0
3788,0.0,0.0,0.0
3772,0.0,0.0,0.0
3775,0.0,0.0,0.0
3776,0.0,0.0,0.0
3777,0.0,0.0,0.0
3782,0.0,0.0,0.0
3783,0.0,0.0,0.0
3784,0.0,0.0,0.0
3785,0.0,0.0,0.0
3786,0.0,0.0,0.0
3787,0.0,0.0,0.0
3789,0.0,0.0,0.0
3768,0.0,0.0,0.0
3790,0.0,0.0,0.0
3791,0.0,0.0,0.0
3792,0.0,0.0,0.0
3793,0.0,0.0,0.0
3794,0.0,0.0,0.0
3795,0.0,0.0,0.0
3796,0.0,0.0,0.0
3797,0.0,0.0,0.0
3799,0.0,0.0,0.0
3800,0.0,0.0,0.0
3770,0.0,0.0,0.0
3767,0.0,0.0,0.0
3736,0.0,0.0,0.0
3751,0.0,0.0,0.0
3737,0.0,0.0,0.0
3738,0.0,0.0,0.0
3740,0.0,0.0,0.0
3741,0.0,0.0,0.0
3743,0.0,0.0,0.0
3744,0.0,0.0,0.0
3745,0.0,0.0,0.0
3747,0.0,0.0,0.0
3749,0.0,0.0,0.0
3750,0.0,0.0,0.0
3752,0.0,0.0,0.0
3766,0.0,0.0,0.0
3753,0.0,0.0,0.0
3754,0.0,0.0,0.0
3756,0.0,0.0,0.0
3757,0.0,0.0,0.0
3758,0.0,0.0,0.0
3759,0.0,0.0,0.0
3760,0.0,0.0,0.0
3763,0.0,0.0,0.0
3764,0.0,0.0,0.0
3765,0.0,0.0,0.0
3667,0.0,0.0,0.0
3666,0.0,0.0,0.0
3665,0.0,0.0,0.0
3588,0.0,0.0,0.0
3576,0.0,0.0,0.0
3577,0.0,0.0,0.0
3578,0.0,0.0,0.0
3579,0.0,0.0,0.0
3580,0.0,0.0,0.0
3581,0.0,0.0,0.0
3583,0.0,0.0,0.0
3584,0.0,0.0,0.0
3585,0.0,0.0,0.0
3587,0.0,0.0,0.0
3589,0.0,0.0,0.0
3573,0.0,0.0,0.0
3590,0.0,0.0,0.0
3591,0.0,0.0,0.0
3592,0.0,0.0,0.0
3593,0.0,0.0,0.0
3595,0.0,0.0,0.0
3596,0.0,0.0,0.0
3598,0.0,0.0,0.0
3599,0.0,0.0,0.0
3600,0.0,0.0,0.0
3601,0.0,0.0,0.0
3575,0.0,0.0,0.0
3572,0.0,0.0,0.0
3664,0.0,0.0,0.0
3555,0.0,0.0,0.0
3542,0.0,0.0,0.0
3543,0.0,0.0,0.0
3546,0.0,0.0,0.0
3547,0.0,0.0,0.0
3548,0.0,0.0,0.0
3549,0.0,0.0,0.0
3550,0.0,0.0,0.0
3551,0.0,0.0,0.0
3553,0.0,0.0,0.0
3554,0.0,0.0,0.0
3556,0.0,0.0,0.0
3571,0.0,0.0,0.0
3557,0.0,0.0,0.0
3558,0.0,0.0,0.0
3559,0.0,0.0,0.0
3560,0.0,0.0,0.0
3562,0.0,0.0,0.0
3563,0.0,0.0,0.0
3565,0.0,0.0,0.0
3566,0.0,0.0,0.0
3568,0.0,0.0,0.0
3569,0.0,0.0,0.0
3602,0.0,0.0,0.0
3603,0.0,0.0,0.0
3604,0.0,0.0,0.0
3650,0.0,0.0,0.0
3637,0.0,0.0,0.0
3639,0.0,0.0,0.0
3640,0.0,0.0,0.0
3641,0.0,0.0,0.0
3643,0.0,0.0,0.0
3645,0.0,0.0,0.0
3646,0.0,0.0,0.0
3647,0.0,0.0,0.0
3648,0.0,0.0,0.0
3649,0.0,0.0,0.0
3651,0.0,0.0,0.0
3606,0.0,0.0,0.0
3652,0.0,0.0,0.0
3653,0.0,0.0,0.0
3654,0.0,0.0,0.0
3656,0.0,0.0,0.0
3657,0.0,0.0,0.0
3659,0.0,0.0,0.0
3660,0.0,0.0,0.0
3661,0.0,0.0,0.0
3662,0.0,0.0,0.0
3663,0.0,0.0,0.0
3636,0.0,0.0,0.0
3635,0.0,0.0,0.0
3634,0.0,0.0,0.0
3632,0.0,0.0,0.0
3607,0.0,0.0,0.0
3609,0.0,0.0,0.0
3611,0.0,0.0,0.0
3612,0.0,0.0,0.0
3613,0.0,0.0,0.0
3614,0.0,0.0,0.0
3615,0.0,0.0,0.0
3616,0.0,0.0,0.0
3617,0.0,0.0,0.0
3618,0.0,0.0,0.0
3619,0.0,0.0,0.0
3620,0.0,0.0,0.0
3621,0.0,0.0,0.0
3622,0.0,0.0,0.0
3623,0.0,0.0,0.0
3625,0.0,0.0,0.0
3626,0.0,0.0,0.0
3627,0.0,0.0,0.0
3629,0.0,0.0,0.0
3630,0.0,0.0,0.0
3631,0.0,0.0,0.0
3801,0.0,0.0,0.0
3804,0.0,0.0,0.0
2979,0.0,0.0,0.0
4005,0.0,0.0,0.0
3992,0.0,0.0,0.0
3993,0.0,0.0,0.0
3994,0.0,0.0,0.0
3995,0.0,0.0,0.0
3996,0.0,0.0,0.0
3997,0.0,0.0,0.0
3999,0.0,0.0,0.0
4000,0.0,0.0,0.0
4001,0.0,0.0,0.0
4003,0.0,0.0,0.0
4006,0.0,0.0,0.0
3988,0.0,0.0,0.0
4007,0.0,0.0,0.0
4009,0.0,0.0,0.0
4010,0.0,0.0,0.0
4011,0.0,0.0,0.0
4012,0.0,0.0,0.0
4013,0.0,0.0,0.0
4014,0.0,0.0,0.0
4017,0.0,0.0,0.0
4019,0.0,0.0,0.0
4022,0.0,0.0,0.0
3991,0.0,0.0,0.0
3986,0.0,0.0,0.0
4024,0.0,0.0,0.0
3970,0.0,0.0,0.0
3956,0.0,0.0,0.0
3957,0.0,0.0,0.0
3958,0.0,0.0,0.0
3960,0.0,0.0,0.0
3963,0.0,0.0,0.0
3964,0.0,0.0,0.0
3965,0.0,0.0,0.0
3966,0.0,0.0,0.0
3968,0.0,0.0,0.0
3969,0.0,0.0,0.0
3972,0.0,0.0,0.0
3985,0.0,0.0,0.0
3973,0.0,0.0,0.0
3974,0.0,0.0,0.0
3975,0.0,0.0,0.0
3977,0.0,0.0,0.0
3978,0.0,0.0,0.0
3979,0.0,0.0,0.0
3981,0.0,0.0,0.0
3982,0.0,0.0,0.0
3983,0.0,0.0,0.0
3984,0.0,0.0,0.0
4023,0.0,0.0,0.0
4025,0.0,0.0,0.0
3807,0.0,0.0,0.0
4081,0.0,0.0,0.0
4065,0.0,0.0,0.0
4066,0.0,0.0,0.0
4068,0.0,0.0,0.0
4071,0.0,0.0,0.0
4072,0.0,0.0,0.0
4075,0.0,0.0,0.0
4076,0.0,0.0,0.0
4078,0.0,0.0,0.0
4079,0.0,0.0,0.0
4080,0.0,0.0,0.0
4082,0.0,0.0,0.0
4062,0.0,0.0,0.0
4083,0.0,0.0,0.0
4085,0.0,0.0,0.0
4086,0.0,0.0,0.0
4087,0.0,0.0,0.0
4088,0.0,0.0,0.0
4089,0.0,0.0,0.0
4090,0.0,0.0,0.0
4091,0.0,0.0,0.0
4093,0.0,0.0,0.0
4094,0.0,0.0,0.0
4063,0.0,0.0,0.0
4060,0.0,0.0,0.0
4027,0.0,0.0,0.0
4041,0.0,0.0,0.0
4028,0.0,0.0,0.0
4030,0.0,0.0,0.0
4032,0.0,0.0,0.0
4034,0.0,0.0,0.0
4035,0.0,0.0,0.0
4036,0.0,0.0,0.0
4037,0.0,0.0,0.0
4038,0.0,0.0,0.0
4039,0.0,0.0,0.0
4040,0.0,0.0,0.0
4042,0.0,0.0,0.0
4059,0.0,0.0,0.0
4043,0.0,0.0,0.0
4046,0.0,0.0,0.0
4048,0.0,0.0,0.0
4050,0.0,0.0,0.0
4052,0.0,0.0,0.0
4054,0.0,0.0,0.0
4055,0.0,0.0,0.0
4056,0.0,0.0,0.0
4057,0.0,0.0,0.0
4058,0.0,0.0,0.0
3954,0.0,0.0,0.0
3953,0.0,0.0,0.0
3950,0.0,0.0,0.0
3861,0.0,0.0,0.0
3846,0.0,0.0,0.0
3848,0.0,0.0,0.0
3849,0.0,0.0,0.0
3850,0.0,0.0,0.0
3852,0.0,0.0,0.0
3853,0.0,0.0,0.0
3854,0.0,0.0,0.0
3857,0.0,0.0,0.0
3858,0.0,0.0,0.0
3860,0.0,0.0,0.0
3862,0.0,0.0,0.0
3843,0.0,0.0,0.0
3863,0.0,0.0,0.0
3864,0.0,0.0,0.0
3865,0.0,0.0,0.0
3866,0.0,0.0,0.0
3867,0.0,0.0,0.0
3869,0.0,0.0,0.0
3870,0.0,0.0,0.0
3871,0.0,0.0,0.0
3872,0.0,0.0,0.0
3873,0.0,0.0,0.0
3845,0.0,0.0,0.0
3842,0.0,0.0,0.0
3948,0.0,0.0,0.0
3822,0.0,0.0,0.0
3808,0.0,0.0,0.0
3809,0.0,0.0,0.0
3810,0.0,0.0,0.0
3811,0.0,0.0,0.0
3813,0.0,0.0,0.0
3814,0.0,0.0,0.0
3815,0.0,0.0,0.0
3816,0.0,0.0,0.0
3819,0.0,0.0,0.0
3821,0.0,0.0,0.0
3823,0.0,0.0,0.0
3839,0.0,0.0,0.0
3824,0.0,0.0,0.0
3825,0.0,0.0,0.0
3826,0.0,0.0,0.0
3827,0.0,0.0,0.0
3828,0.0,0.0,0.0
3830,0.0,0.0,0.0
3831,0.0,0.0,0.0
3834,0.0,0.0,0.0
3835,0.0,0.0,0.0
3838,0.0,0.0,0.0
3874,0.0,0.0,0.0
3875,0.0,0.0,0.0
3877,0.0,0.0,0.0
3930,0.0,0.0,0.0
3917,0.0,0.0,0.0
3918,0.0,0.0,0.0
3920,0.0,0.0,0.0
3922,0.0,0.0,0.0
3923,0.0,0.0,0.0
3924,0.0,0.0,0.0
3925,0.0,0.0,0.0
3927,0.0,0.0,0.0
3928,0.0,0.0,0.0
3929,0.0,0.0,0.0
3931,0.0,0.0,0.0
3878,0.0,0.0,0.0
3933,0.0,0.0,0.0
3935,0.0,0.0,0.0
3936,0.0,0.0,0.0
3937,0.0,0.0,0.0
3938,0.0,0.0,0.0
3939,0.0,0.0,0.0
3940,0.0,0.0,0.0
3941,0.0,0.0,0.0
3944,0.0,0.0,0.0
3946,0.0,0.0,0.0
3916,0.0,0.0,0.0
3914,0.0,0.0,0.0
3912,0.0,0.0,0.0
3911,0.0,0.0,0.0
3879,0.0,0.0,0.0
3882,0.0,0.0,0.0
3883,0.0,0.0,0.0
3884,0.0,0.0,0.0
3885,0.0,0.0,0.0
3889,0.0,0.0,0.0
3891,0.0,0.0,0.0
3893,0.0,0.0,0.0
3894,0.0,0.0,0.0
3895,0.0,0.0,0.0
3898,0.0,0.0,0.0
3900,0.0,0.0,0.0
3901,0.0,0.0,0.0
3902,0.0,0.0,0.0
3903,0.0,0.0,0.0
3904,0.0,0.0,0.0
3905,0.0,0.0,0.0
3906,0.0,0.0,0.0
3907,0.0,0.0,0.0
3908,0.0,0.0,0.0
3909,0.0,0.0,0.0
3541,0.0,0.0,0.0
3540,0.0,0.0,0.0
3538,0.0,0.0,0.0
3179,0.0,0.0,0.0
3166,0.0,0.0,0.0
3167,0.0,0.0,0.0
3168,0.0,0.0,0.0
3169,0.0,0.0,0.0
3171,0.0,0.0,0.0
3172,0.0,0.0,0.0
3173,0.0,0.0,0.0
3174,0.0,0.0,0.0
3175,0.0,0.0,0.0
3176,0.0,0.0,0.0
3180,0.0,0.0,0.0
3164,0.0,0.0,0.0
3182,0.0,0.0,0.0
3183,0.0,0.0,0.0
3184,0.0,0.0,0.0
3185,0.0,0.0,0.0
3187,0.0,0.0,0.0
3191,0.0,0.0,0.0
3192,0.0,0.0,0.0
3193,0.0,0.0,0.0
3194,0.0,0.0,0.0
3195,0.0,0.0,0.0
3165,0.0,0.0,0.0
3162,0.0,0.0,0.0
3197,0.0,0.0,0.0
3141,0.0,0.0,0.0
3130,0.0,0.0,0.0
3131,0.0,0.0,0.0
3132,0.0,0.0,0.0
3133,0.0,0.0,0.0
3134,0.0,0.0,0.0
3135,0.0,0.0,0.0
3136,0.0,0.0,0.0
3137,0.0,0.0,0.0
3138,0.0,0.0,0.0
3139,0.0,0.0,0.0
3142,0.0,0.0,0.0
3160,0.0,0.0,0.0
3143,0.0,0.0,0.0
3145,0.0,0.0,0.0
3147,0.0,0.0,0.0
3148,0.0,0.0,0.0
3149,0.0,0.0,0.0
3150,0.0,0.0,0.0
3151,0.0,0.0,0.0
3153,0.0,0.0,0.0
3154,0.0,0.0,0.0
3155,0.0,0.0,0.0
3196,0.0,0.0,0.0
3198,0.0,0.0,0.0
3537,0.0,0.0,0.0
3245,0.0,0.0,0.0
3234,0.0,0.0,0.0
3235,0.0,0.0,0.0
2366,0.0,0.0,0.0
3237,0.0,0.0,0.0
3238,0.0,0.0,0.0
3240,0.0,0.0,0.0
3241,0.0,0.0,0.0
3242,0.0,0.0,0.0
3243,0.0,0.0,0.0
3244,0.0,0.0,0.0
3246,0.0,0.0,0.0
3232,0.0,0.0,0.0
3247,0.0,0.0,0.0
3248,0.0,0.0,0.0
3250,0.0,0.0,0.0
3251,0.0,0.0,0.0
3253,0.0,0.0,0.0
3254,0.0,0.0,0.0
3255,0.0,0.0,0.0
3256,0.0,0.0,0.0
3257,0.0,0.0,0.0
3258,0.0,0.0,0.0
3233,0.0,0.0,0.0
3231,0.0,0.0,0.0
3199,0.0,0.0,0.0
3216,0.0,0.0,0.0
3200,0.0,0.0,0.0
3202,0.0,0.0,0.0
3203,0.0,0.0,0.0
3204,0.0,0.0,0.0
3205,0.0,0.0,0.0
3206,0.0,0.0,0.0
3209,0.0,0.0,0.0
3211,0.0,0.0,0.0
3213,0.0,0.0,0.0
3215,0.0,0.0,0.0
3218,0.0,0.0,0.0
3229,0.0,0.0,0.0
3219,0.0,0.0,0.0
3220,0.0,0.0,0.0
3221,0.0,0.0,0.0
3222,0.0,0.0,0.0
3223,0.0,0.0,0.0
3224,0.0,0.0,0.0
3225,0.0,0.0,0.0
3226,0.0,0.0,0.0
3227,0.0,0.0,0.0
3228,0.0,0.0,0.0
3128,0.0,0.0,0.0
3126,0.0,0.0,0.0
3124,0.0,0.0,0.0
3031,0.0,0.0,0.0
3015,0.0,0.0,0.0
3016,0.0,0.0,0.0
3018,0.0,0.0,0.0
3019,0.0,0.0,0.0
3020,0.0,0.0,0.0
3021,0.0,0.0,0.0
3023,0.0,0.0,0.0
3025,0.0,0.0,0.0
3026,0.0,0.0,0.0
3030,0.0,0.0,0.0
3034,0.0,0.0,0.0
3013,0.0,0.0,0.0
3036,0.0,0.0,0.0
3037,0.0,0.0,0.0
3038,0.0,0.0,0.0
3039,0.0,0.0,0.0
3042,0.0,0.0,0.0
3044,0.0,0.0,0.0
3045,0.0,0.0,0.0
3047,0.0,0.0,0.0
3048,0.0,0.0,0.0
3049,0.0,0.0,0.0
3014,0.0,0.0,0.0
3012,0.0,0.0,0.0
3123,0.0,0.0,0.0
2994,0.0,0.0,0.0
2980,0.0,0.0,0.0
2981,0.0,0.0,0.0
2983,0.0,0.0,0.0
2985,0.0,0.0,0.0
2986,0.0,0.0,0.0
2987,0.0,0.0,0.0
2988,0.0,0.0,0.0
2990,0.0,0.0,0.0
2991,0.0,0.0,0.0
2992,0.0,0.0,0.0
2997,0.0,0.0,0.0
3011,0.0,0.0,0.0
2998,0.0,0.0,0.0
2999,0.0,0.0,0.0
3000,0.0,0.0,0.0
3001,0.0,0.0,0.0
3004,0.0,0.0,0.0
3005,0.0,0.0,0.0
3006,0.0,0.0,0.0
3007,0.0,0.0,0.0
3009,0.0,0.0,0.0
3010,0.0,0.0,0.0
3050,0.0,0.0,0.0
3051,0.0,0.0,0.0
3054,0.0,0.0,0.0
3103,0.0,0.0,0.0
3091,0.0,0.0,0.0
3092,0.0,0.0,0.0
3093,0.0,0.0,0.0
3094,0.0,0.0,0.0
3095,0.0,0.0,0.0
3096,0.0,0.0,0.0
3098,0.0,0.0,0.0
3099,0.0,0.0,0.0
3101,0.0,0.0,0.0
3102,0.0,0.0,0.0
3105,0.0,0.0,0.0
3055,0.0,0.0,0.0
3106,0.0,0.0,0.0
3109,0.0,0.0,0.0
3110,0.0,0.0,0.0
3112,0.0,0.0,0.0
3113,0.0,0.0,0.0
3115,0.0,0.0,0.0
3119,0.0,0.0,0.0
3120,0.0,0.0,0.0
3121,0.0,0.0,0.0
3122,0.0,0.0,0.0
3090,0.0,0.0,0.0
3089,0.0,0.0,0.0
3088,0.0,0.0,0.0
3087,0.0,0.0,0.0
3059,0.0,0.0,0.0
3060,0.0,0.0,0.0
3061,0.0,0.0,0.0
3063,0.0,0.0,0.0
3064,0.0,0.0,0.0
3065,0.0,0.0,0.0
3067,0.0,0.0,0.0
3068,0.0,0.0,0.0
3069,0.0,0.0,0.0
3070,0.0,0.0,0.0
3071,0.0,0.0,0.0
3072,0.0,0.0,0.0
3073,0.0,0.0,0.0
3074,0.0,0.0,0.0
3075,0.0,0.0,0.0
3080,0.0,0.0,0.0
3082,0.0,0.0,0.0
3083,0.0,0.0,0.0
3084,0.0,0.0,0.0
3085,0.0,0.0,0.0
3086,0.0,0.0,0.0
3259,0.0,0.0,0.0
3260,0.0,0.0,0.0
3262,0.0,0.0,0.0
3450,0.0,0.0,0.0
3439,0.0,0.0,0.0
3440,0.0,0.0,0.0
3441,0.0,0.0,0.0
3442,0.0,0.0,0.0
3443,0.0,0.0,0.0
3444,0.0,0.0,0.0
3445,0.0,0.0,0.0
3447,0.0,0.0,0.0
3448,0.0,0.0,0.0
3449,0.0,0.0,0.0
3453,0.0,0.0,0.0
3437,0.0,0.0,0.0
3454,0.0,0.0,0.0
3455,0.0,0.0,0.0
3456,0.0,0.0,0.0
3457,0.0,0.0,0.0
3459,0.0,0.0,0.0
3460,0.0,0.0,0.0
3462,0.0,0.0,0.0
3463,0.0,0.0,0.0
3464,0.0,0.0,0.0
3467,0.0,0.0,0.0
3438,0.0,0.0,0.0
3436,0.0,0.0,0.0
3401,0.0,0.0,0.0
3418,0.0,0.0,0.0
3405,0.0,0.0,0.0
3406,0.0,0.0,0.0
3407,0.0,0.0,0.0
3409,0.0,0.0,0.0
3410,0.0,0.0,0.0
3411,0.0,0.0,0.0
3412,0.0,0.0,0.0
3414,0.0,0.0,0.0
3415,0.0,0.0,0.0
3416,0.0,0.0,0.0
3419,0.0,0.0,0.0
3432,0.0,0.0,0.0
3420,0.0,0.0,0.0
3421,0.0,0.0,0.0
3422,0.0,0.0,0.0
3423,0.0,0.0,0.0
3424,0.0,0.0,0.0
3425,0.0,0.0,0.0
3426,0.0,0.0,0.0
3429,0.0,0.0,0.0
3430,0.0,0.0,0.0
3431,0.0,0.0,0.0
3468,0.0,0.0,0.0
3469,0.0,0.0,0.0
3470,0.0,0.0,0.0
3523,0.0,0.0,0.0
3510,0.0,0.0,0.0
3511,0.0,0.0,0.0
3512,0.0,0.0,0.0
3514,0.0,0.0,0.0
3515,0.0,0.0,0.0
3516,0.0,0.0,0.0
3517,0.0,0.0,0.0
3520,0.0,0.0,0.0
3521,0.0,0.0,0.0
3522,0.0,0.0,0.0
3524,0.0,0.0,0.0
3471,0.0,0.0,0.0
3526,0.0,0.0,0.0
3527,0.0,0.0,0.0
3528,0.0,0.0,0.0
3529,0.0,0.0,0.0
3531,0.0,0.0,0.0
3532,0.0,0.0,0.0
3533,0.0,0.0,0.0
3534,0.0,0.0,0.0
3535,0.0,0.0,0.0
3536,0.0,0.0,0.0
3507,0.0,0.0,0.0
3506,0.0,0.0,0.0
3505,0.0,0.0,0.0
3504,0.0,0.0,0.0
3472,0.0,0.0,0.0
3474,0.0,0.0,0.0
3475,0.0,0.0,0.0
3476,0.0,0.0,0.0
3477,0.0,0.0,0.0
3479,0.0,0.0,0.0
3480,0.0,0.0,0.0
3481,0.0,0.0,0.0
3483,0.0,0.0,0.0
3484,0.0,0.0,0.0
3488,0.0,0.0,0.0
3489,0.0,0.0,0.0
3490,0.0,0.0,0.0
3494,0.0,0.0,0.0
3495,0.0,0.0,0.0
3497,0.0,0.0,0.0
3498,0.0,0.0,0.0
3500,0.0,0.0,0.0
3501,0.0,0.0,0.0
3502,0.0,0.0,0.0
3503,0.0,0.0,0.0
3402,0.0,0.0,0.0
3400,0.0,0.0,0.0
3266,0.0,0.0,0.0
3312,0.0,0.0,0.0
3302,0.0,0.0,0.0
3303,0.0,0.0,0.0
3304,0.0,0.0,0.0
3305,0.0,0.0,0.0
3306,0.0,0.0,0.0
3307,0.0,0.0,0.0
3308,0.0,0.0,0.0
3309,0.0,0.0,0.0
3310,0.0,0.0,0.0
3311,0.0,0.0,0.0
3314,0.0,0.0,0.0
3300,0.0,0.0,0.0
3316,0.0,0.0,0.0
3317,0.0,0.0,0.0
3319,0.0,0.0,0.0
3320,0.0,0.0,0.0
3321,0.0,0.0,0.0
3322,0.0,0.0,0.0
3324,0.0,0.0,0.0
3325,0.0,0.0,0.0
3327,0.0,0.0,0.0
3328,0.0,0.0,0.0
3301,0.0,0.0,0.0
3298,0.0,0.0,0.0
3399,0.0,0.0,0.0
3283,0.0,0.0,0.0
3267,0.0,0.0,0.0
3268,0.0,0.0,0.0
3271,0.0,0.0,0.0
3273,0.0,0.0,0.0
3274,0.0,0.0,0.0
3277,0.0,0.0,0.0
3278,0.0,0.0,0.0
3279,0.0,0.0,0.0
3280,0.0,0.0,0.0
3282,0.0,0.0,0.0
3285,0.0,0.0,0.0
3297,0.0,0.0,0.0
3286,0.0,0.0,0.0
3287,0.0,0.0,0.0
3288,0.0,0.0,0.0
3290,0.0,0.0,0.0
3291,0.0,0.0,0.0
3292,0.0,0.0,0.0
3293,0.0,0.0,0.0
3294,0.0,0.0,0.0
3295,0.0,0.0,0.0
3296,0.0,0.0,0.0
3330,0.0,0.0,0.0
3331,0.0,0.0,0.0
3334,0.0,0.0,0.0
3386,0.0,0.0,0.0
3370,0.0,0.0,0.0
3371,0.0,0.0,0.0
3374,0.0,0.0,0.0
3375,0.0,0.0,0.0
3376,0.0,0.0,0.0
3377,0.0,0.0,0.0
3380,0.0,0.0,0.0
3381,0.0,0.0,0.0
3383,0.0,0.0,0.0
3385,0.0,0.0,0.0
3387,0.0,0.0,0.0
3335,0.0,0.0,0.0
3388,0.0,0.0,0.0
3389,0.0,0.0,0.0
3390,0.0,0.0,0.0
3391,0.0,0.0,0.0
3392,0.0,0.0,0.0
3393,0.0,0.0,0.0
3394,0.0,0.0,0.0
3395,0.0,0.0,0.0
3396,0.0,0.0,0.0
3398,0.0,0.0,0.0
3369,0.0,0.0,0.0
3368,0.0,0.0,0.0
3367,0.0,0.0,0.0
3365,0.0,0.0,0.0
3336,0.0,0.0,0.0
3337,0.0,0.0,0.0
3338,0.0,0.0,0.0
3339,0.0,0.0,0.0
3340,0.0,0.0,0.0
3341,0.0,0.0,0.0
3344,0.0,0.0,0.0
3345,0.0,0.0,0.0
3346,0.0,0.0,0.0
3347,0.0,0.0,0.0
3351,0.0,0.0,0.0
3352,0.0,0.0,0.0
3353,0.0,0.0,0.0
3355,0.0,0.0,0.0
3356,0.0,0.0,0.0
3357,0.0,0.0,0.0
3358,0.0,0.0,0.0
3359,0.0,0.0,0.0
3360,0.0,0.0,0.0
3361,0.0,0.0,0.0
3362,0.0,0.0,0.0
3236,0.0,0.0,0.0
2048,0.0,0.0,0.0
2365,0.0,0.0,0.0
781,0.0,0.0,0.0
766,0.0,0.0,0.0
767,0.0,0.0,0.0
768,0.0,0.0,0.0
770,0.0,0.0,0.0
771,0.0,0.0,0.0
773,0.0,0.0,0.0
774,0.0,0.0,0.0
776,0.0,0.0,0.0
778,0.0,0.0,0.0
779,0.0,0.0,0.0
780,0.0,0.0,0.0
782,0.0,0.0,0.0
1189,0.0,0.0,0.0
784,0.0,0.0,0.0
785,0.0,0.0,0.0
786,0.0,0.0,0.0
787,0.0,0.0,0.0
790,0.0,0.0,0.0
791,0.0,0.0,0.0
792,0.0,0.0,0.0
794,0.0,0.0,0.0
795,0.0,0.0,0.0
796,0.0,0.0,0.0
797,0.0,0.0,0.0
764,0.0,0.0,0.0
762,0.0,0.0,0.0
761,0.0,0.0,0.0
760,0.0,0.0,0.0
728,0.0,0.0,0.0
729,0.0,0.0,0.0
730,0.0,0.0,0.0
732,0.0,0.0,0.0
737,0.0,0.0,0.0
738,0.0,0.0,0.0
739,0.0,0.0,0.0
740,0.0,0.0,0.0
742,0.0,0.0,0.0
743,0.0,0.0,0.0
744,0.0,0.0,0.0
745,0.0,0.0,0.0
747,0.0,0.0,0.0
748,0.0,0.0,0.0
749,0.0,0.0,0.0
750,0.0,0.0,0.0
751,0.0,0.0,0.0
752,0.0,0.0,0.0
755,0.0,0.0,0.0
756,0.0,0.0,0.0
757,0.0,0.0,0.0
758,0.0,0.0,0.0
759,0.0,0.0,0.0
799,0.0,0.0,0.0
800,0.0,0.0,0.0
801,0.0,0.0,0.0
847,0.0,0.0,0.0
850,0.0,0.0,0.0
852,0.0,0.0,0.0
853,0.0,0.0,0.0
854,0.0,0.0,0.0
855,0.0,0.0,0.0
856,0.0,0.0,0.0
857,0.0,0.0,0.0
858,0.0,0.0,0.0
859,0.0,0.0,0.0
860,0.0,0.0,0.0
861,0.0,0.0,0.0
862,0.0,0.0,0.0
863,0.0,0.0,0.0
864,0.0,0.0,0.0
866,0.0,0.0,0.0
867,0.0,0.0,0.0
868,0.0,0.0,0.0
869,0.0,0.0,0.0
872,0.0,0.0,0.0
873,0.0,0.0,0.0
879,0.0,0.0,0.0
880,0.0,0.0,0.0
883,0.0,0.0,0.0
849,0.0,0.0,0.0
846,0.0,0.0,0.0
802,0.0,0.0,0.0
844,0.0,0.0,0.0
803,0.0,0.0,0.0
805,0.0,0.0,0.0
806,0.0,0.0,0.0
807,0.0,0.0,0.0
810,0.0,0.0,0.0
811,0.0,0.0,0.0
812,0.0,0.0,0.0
816,0.0,0.0,0.0
817,0.0,0.0,0.0
819,0.0,0.0,0.0
820,0.0,0.0,0.0
821,0.0,0.0,0.0
824,0.0,0.0,0.0
825,0.0,0.0,0.0
828,0.0,0.0,0.0
832,0.0,0.0,0.0
833,0.0,0.0,0.0
835,0.0,0.0,0.0
836,0.0,0.0,0.0
837,0.0,0.0,0.0
839,0.0,0.0,0.0
842,0.0,0.0,0.0
843,0.0,0.0,0.0
725,0.0,0.0,0.0
724,0.0,0.0,0.0
723,0.0,0.0,0.0
613,0.0,0.0,0.0
616,0.0,0.0,0.0
617,0.0,0.0,0.0
619,0.0,0.0,0.0
620,0.0,0.0,0.0
625,0.0,0.0,0.0
626,0.0,0.0,0.0
627,0.0,0.0,0.0
630,0.0,0.0,0.0
631,0.0,0.0,0.0
632,0.0,0.0,0.0
633,0.0,0.0,0.0
635,0.0,0.0,0.0
637,0.0,0.0,0.0
638,0.0,0.0,0.0
639,0.0,0.0,0.0
641,0.0,0.0,0.0
642,0.0,0.0,0.0
643,0.0,0.0,0.0
647,0.0,0.0,0.0
648,0.0,0.0,0.0
649,0.0,0.0,0.0
651,0.0,0.0,0.0
652,0.0,0.0,0.0
614,0.0,0.0,0.0
612,0.0,0.0,0.0
654,0.0,0.0,0.0
611,0.0,0.0,0.0
581,0.0,0.0,0.0
583,0.0,0.0,0.0
584,0.0,0.0,0.0
585,0.0,0.0,0.0
587,0.0,0.0,0.0
588,0.0,0.0,0.0
589,0.0,0.0,0.0
590,0.0,0.0,0.0
591,0.0,0.0,0.0
592,0.0,0.0,0.0
593,0.0,0.0,0.0
595,0.0,0.0,0.0
596,0.0,0.0,0.0
598,0.0,0.0,0.0
599,0.0,0.0,0.0
601,0.0,0.0,0.0
602,0.0,0.0,0.0
603,0.0,0.0,0.0
604,0.0,0.0,0.0
605,0.0,0.0,0.0
606,0.0,0.0,0.0
607,0.0,0.0,0.0
608,0.0,0.0,0.0
653,0.0,0.0,0.0
656,0.0,0.0,0.0
722,0.0,0.0,0.0
690,0.0,0.0,0.0
692,0.0,0.0,0.0
693,0.0,0.0,0.0
695,0.0,0.0,0.0
696,0.0,0.0,0.0
697,0.0,0.0,0.0
698,0.0,0.0,0.0
701,0.0,0.0,0.0
702,0.0,0.0,0.0
703,0.0,0.0,0.0
705,0.0,0.0,0.0
706,0.0,0.0,0.0
707,0.0,0.0,0.0
708,0.0,0.0,0.0
709,0.0,0.0,0.0
711,0.0,0.0,0.0
712,0.0,0.0,0.0
713,0.0,0.0,0.0
714,0.0,0.0,0.0
715,0.0,0.0,0.0
717,0.0,0.0,0.0
718,0.0,0.0,0.0
719,0.0,0.0,0.0
720,0.0,0.0,0.0
691,0.0,0.0,0.0
689,0.0,0.0,0.0
657,0.0,0.0,0.0
688,0.0,0.0,0.0
659,0.0,0.0,0.0
660,0.0,0.0,0.0
661,0.0,0.0,0.0
662,0.0,0.0,0.0
663,0.0,0.0,0.0
664,0.0,0.0,0.0
665,0.0,0.0,0.0
666,0.0,0.0,0.0
668,0.0,0.0,0.0
670,0.0,0.0,0.0
673,0.0,0.0,0.0
674,0.0,0.0,0.0
675,0.0,0.0,0.0
676,0.0,0.0,0.0
677,0.0,0.0,0.0
678,0.0,0.0,0.0
679,0.0,0.0,0.0
681,0.0,0.0,0.0
682,0.0,0.0,0.0
683,0.0,0.0,0.0
684,0.0,0.0,0.0
686,0.0,0.0,0.0
687,0.0,0.0,0.0
884,0.0,0.0,0.0
885,0.0,0.0,0.0
886,0.0,0.0,0.0
1076,0.0,0.0,0.0
1079,0.0,0.0,0.0
1080,0.0,0.0,0.0
1081,0.0,0.0,0.0
1082,0.0,0.0,0.0
1083,0.0,0.0,0.0
1084,0.0,0.0,0.0
1085,0.0,0.0,0.0
1087,0.0,0.0,0.0
1088,0.0,0.0,0.0
1089,0.0,0.0,0.0
1091,0.0,0.0,0.0
1092,0.0,0.0,0.0
1094,0.0,0.0,0.0
1095,0.0,0.0,0.0
1097,0.0,0.0,0.0
1099,0.0,0.0,0.0
1101,0.0,0.0,0.0
1102,0.0,0.0,0.0
1105,0.0,0.0,0.0
1106,0.0,0.0,0.0
1107,0.0,0.0,0.0
1108,0.0,0.0,0.0
1109,0.0,0.0,0.0
1078,0.0,0.0,0.0
1075,0.0,0.0,0.0
1111,0.0,0.0,0.0
1073,0.0,0.0,0.0
1038,0.0,0.0,0.0
1040,0.0,0.0,0.0
1042,0.0,0.0,0.0
1043,0.0,0.0,0.0
1045,0.0,0.0,0.0
1046,0.0,0.0,0.0
1048,0.0,0.0,0.0
1049,0.0,0.0,0.0
1050,0.0,0.0,0.0
1054,0.0,0.0,0.0
1055,0.0,0.0,0.0
1056,0.0,0.0,0.0
1057,0.0,0.0,0.0
1058,0.0,0.0,0.0
1062,0.0,0.0,0.0
1064,0.0,0.0,0.0
1065,0.0,0.0,0.0
1066,0.0,0.0,0.0
1067,0.0,0.0,0.0
1068,0.0,0.0,0.0
1069,0.0,0.0,0.0
1070,0.0,0.0,0.0
1072,0.0,0.0,0.0
1110,0.0,0.0,0.0
1112,0.0,0.0,0.0
1035,0.0,0.0,0.0
1150,0.0,0.0,0.0
1152,0.0,0.0,0.0
1153,0.0,0.0,0.0
1154,0.0,0.0,0.0
1155,0.0,0.0,0.0
1157,0.0,0.0,0.0
1158,0.0,0.0,0.0
1161,0.0,0.0,0.0
1162,0.0,0.0,0.0
1163,0.0,0.0,0.0
1164,0.0,0.0,0.0
1166,0.0,0.0,0.0
1168,0.0,0.0,0.0
1170,0.0,0.0,0.0
1172,0.0,0.0,0.0
1173,0.0,0.0,0.0
1176,0.0,0.0,0.0
1178,0.0,0.0,0.0
1179,0.0,0.0,0.0
1180,0.0,0.0,0.0
1181,0.0,0.0,0.0
1183,0.0,0.0,0.0
1184,0.0,0.0,0.0
1186,0.0,0.0,0.0
1151,0.0,0.0,0.0
1148,0.0,0.0,0.0
1113,0.0,0.0,0.0
1146,0.0,0.0,0.0
1114,0.0,0.0,0.0
1115,0.0,0.0,0.0
1117,0.0,0.0,0.0
1118,0.0,0.0,0.0
1119,0.0,0.0,0.0
1122,0.0,0.0,0.0
1124,0.0,0.0,0.0
1125,0.0,0.0,0.0
1126,0.0,0.0,0.0
1127,0.0,0.0,0.0
1128,0.0,0.0,0.0
1129,0.0,0.0,0.0
1130,0.0,0.0,0.0
1131,0.0,0.0,0.0
1133,0.0,0.0,0.0
1134,0.0,0.0,0.0
1135,0.0,0.0,0.0
1136,0.0,0.0,0.0
1138,0.0,0.0,0.0
1139,0.0,0.0,0.0
1141,0.0,0.0,0.0
1142,0.0,0.0,0.0
1144,0.0,0.0,0.0
1037,0.0,0.0,0.0
1034,0.0,0.0,0.0
887,0.0,0.0,0.0
922,0.0,0.0,0.0
925,0.0,0.0,0.0
926,0.0,0.0,0.0
929,0.0,0.0,0.0
930,0.0,0.0,0.0
931,0.0,0.0,0.0
932,0.0,0.0,0.0
933,0.0,0.0,0.0
935,0.0,0.0,0.0
936,0.0,0.0,0.0
937,0.0,0.0,0.0
938,0.0,0.0,0.0
939,0.0,0.0,0.0
940,0.0,0.0,0.0
942,0.0,0.0,0.0
947,0.0,0.0,0.0
948,0.0,0.0,0.0
949,0.0,0.0,0.0
950,0.0,0.0,0.0
951,0.0,0.0,0.0
954,0.0,0.0,0.0
955,0.0,0.0,0.0
956,0.0,0.0,0.0
957,0.0,0.0,0.0
923,0.0,0.0,0.0
921,0.0,0.0,0.0
959,0.0,0.0,0.0
920,0.0,0.0,0.0
888,0.0,0.0,0.0
889,0.0,0.0,0.0
890,0.0,0.0,0.0
892,0.0,0.0,0.0
893,0.0,0.0,0.0
894,0.0,0.0,0.0
896,0.0,0.0,0.0
897,0.0,0.0,0.0
899,0.0,0.0,0.0
900,0.0,0.0,0.0
902,0.0,0.0,0.0
903,0.0,0.0,0.0
904,0.0,0.0,0.0
905,0.0,0.0,0.0
906,0.0,0.0,0.0
908,0.0,0.0,0.0
909,0.0,0.0,0.0
910,0.0,0.0,0.0
912,0.0,0.0,0.0
913,0.0,0.0,0.0
914,0.0,0.0,0.0
915,0.0,0.0,0.0
916,0.0,0.0,0.0
958,0.0,0.0,0.0
961,0.0,0.0,0.0
1033,0.0,0.0,0.0
995,0.0,0.0,0.0
997,0.0,0.0,0.0
998,0.0,0.0,0.0
1000,0.0,0.0,0.0
1002,0.0,0.0,0.0
1003,0.0,0.0,0.0
1005,0.0,0.0,0.0
1006,0.0,0.0,0.0
1007,0.0,0.0,0.0
1008,0.0,0.0,0.0
1009,0.0,0.0,0.0
1012,0.0,0.0,0.0
1013,0.0,0.0,0.0
1014,0.0,0.0,0.0
1015,0.0,0.0,0.0
1017,0.0,0.0,0.0
1018,0.0,0.0,0.0
1021,0.0,0.0,0.0
1022,0.0,0.0,0.0
1024,0.0,0.0,0.0
1025,0.0,0.0,0.0
1026,0.0,0.0,0.0
1028,0.0,0.0,0.0
1029,0.0,0.0,0.0
996,0.0,0.0,0.0
994,0.0,0.0,0.0
962,0.0,0.0,0.0
992,0.0,0.0,0.0
964,0.0,0.0,0.0
965,0.0,0.0,0.0
966,0.0,0.0,0.0
967,0.0,0.0,0.0
968,0.0,0.0,0.0
969,0.0,0.0,0.0
970,0.0,0.0,0.0
973,0.0,0.0,0.0
974,0.0,0.0,0.0
975,0.0,0.0,0.0
976,0.0,0.0,0.0
977,0.0,0.0,0.0
978,0.0,0.0,0.0
980,0.0,0.0,0.0
981,0.0,0.0,0.0
983,0.0,0.0,0.0
984,0.0,0.0,0.0
985,0.0,0.0,0.0
986,0.0,0.0,0.0
987,0.0,0.0,0.0
989,0.0,0.0,0.0
990,0.0,0.0,0.0
991,0.0,0.0,0.0
579,0.0,0.0,0.0
578,0.0,0.0,0.0
577,0.0,0.0,0.0
174,0.0,0.0,0.0
180,0.0,0.0,0.0
181,0.0,0.0,0.0
184,0.0,0.0,0.0
186,0.0,0.0,0.0
187,0.0,0.0,0.0
188,0.0,0.0,0.0
189,0.0,0.0,0.0
190,0.0,0.0,0.0
191,0.0,0.0,0.0
193,0.0,0.0,0.0
194,0.0,0.0,0.0
195,0.0,0.0,0.0
197,0.0,0.0,0.0
198,0.0,0.0,0.0
200,0.0,0.0,0.0
202,0.0,0.0,0.0
203,0.0,0.0,0.0
204,0.0,0.0,0.0
206,0.0,0.0,0.0
209,0.0,0.0,0.0
211,0.0,0.0,0.0
212,0.0,0.0,0.0
213,0.0,0.0,0.0
177,0.0,0.0,0.0
173,0.0,0.0,0.0
217,0.0,0.0,0.0
171,0.0,0.0,0.0
139,0.0,0.0,0.0
140,0.0,0.0,0.0
141,0.0,0.0,0.0
142,0.0,0.0,0.0
145,0.0,0.0,0.0
146,0.0,0.0,0.0
147,0.0,0.0,0.0
148,0.0,0.0,0.0
149,0.0,0.0,0.0
150,0.0,0.0,0.0
152,0.0,0.0,0.0
153,0.0,0.0,0.0
154,0.0,0.0,0.0
156,0.0,0.0,0.0
157,0.0,0.0,0.0
159,0.0,0.0,0.0
161,0.0,0.0,0.0
162,0.0,0.0,0.0
165,0.0,0.0,0.0
167,0.0,0.0,0.0
168,0.0,0.0,0.0
169,0.0,0.0,0.0
170,0.0,0.0,0.0
215,0.0,0.0,0.0
218,0.0,0.0,0.0
136,0.0,0.0,0.0
255,0.0,0.0,0.0
257,0.0,0.0,0.0
258,0.0,0.0,0.0
259,0.0,0.0,0.0
260,0.0,0.0,0.0
261,0.0,0.0,0.0
263,0.0,0.0,0.0
264,0.0,0.0,0.0
265,0.0,0.0,0.0
266,0.0,0.0,0.0
267,0.0,0.0,0.0
268,0.0,0.0,0.0
270,0.0,0.0,0.0
271,0.0,0.0,0.0
272,0.0,0.0,0.0
273,0.0,0.0,0.0
276,0.0,0.0,0.0
277,0.0,0.0,0.0
278,0.0,0.0,0.0
280,0.0,0.0,0.0
286,0.0,0.0,0.0
287,0.0,0.0,0.0
289,0.0,0.0,0.0
290,0.0,0.0,0.0
256,0.0,0.0,0.0
254,0.0,0.0,0.0
220,0.0,0.0,0.0
253,0.0,0.0,0.0
221,0.0,0.0,0.0
223,0.0,0.0,0.0
224,0.0,0.0,0.0
225,0.0,0.0,0.0
226,0.0,0.0,0.0
228,0.0,0.0,0.0
230,0.0,0.0,0.0
231,0.0,0.0,0.0
232,0.0,0.0,0.0
233,0.0,0.0,0.0
234,0.0,0.0,0.0
235,0.0,0.0,0.0
237,0.0,0.0,0.0
239,0.0,0.0,0.0
240,0.0,0.0,0.0
241,0.0,0.0,0.0
243,0.0,0.0,0.0
246,0.0,0.0,0.0
248,0.0,0.0,0.0
249,0.0,0.0,0.0
250,0.0,0.0,0.0
251,0.0,0.0,0.0
252,0.0,0.0,0.0
137,0.0,0.0,0.0
135,0.0,0.0,0.0
293,0.0,0.0,0.0
37,0.0,0.0,0.0
39,0.0,0.0,0.0
40,0.0,0.0,0.0
41,0.0,0.0,0.0
42,0.0,0.0,0.0
43,0.0,0.0,0.0
44,0.0,0.0,0.0
45,0.0,0.0,0.0
46,0.0,0.0,0.0
47,0.0,0.0,0.0
48,0.0,0.0,0.0
50,0.0,0.0,0.0
51,0.0,0.0,0.0
53,0.0,0.0,0.0
54,0.0,0.0,0.0
55,0.0,0.0,0.0
57,0.0,0.0,0.0
58,0.0,0.0,0.0
60,0.0,0.0,0.0
62,0.0,0.0,0.0
64,0.0,0.0,0.0
65,0.0,0.0,0.0
67,0.0,0.0,0.0
68,0.0,0.0,0.0
38,0.0,0.0,0.0
36,0.0,0.0,0.0
70,0.0,0.0,0.0
35,0.0,0.0,0.0
3,0.0,0.0,0.0
5,0.0,0.0,0.0
6,0.0,0.0,0.0
7,0.0,0.0,0.0
9,0.0,0.0,0.0
10,0.0,0.0,0.0
11,0.0,0.0,0.0
12,0.0,0.0,0.0
13,0.0,0.0,0.0
16,0.0,0.0,0.0
17,0.0,0.0,0.0
18,0.0,0.0,0.0
19,0.0,0.0,0.0
20,0.0,0.0,0.0
22,0.0,0.0,0.0
23,0.0,0.0,0.0
24,0.0,0.0,0.0
25,0.0,0.0,0.0
28,0.0,0.0,0.0
29,0.0,0.0,0.0
30,0.0,0.0,0.0
33,0.0,0.0,0.0
34,0.0,0.0,0.0
69,0.0,0.0,0.0
72,0.0,0.0,0.0
133,0.0,0.0,0.0
105,0.0,0.0,0.0
107,0.0,0.0,0.0
108,0.0,0.0,0.0
109,0.0,0.0,0.0
110,0.0,0.0,0.0
111,0.0,0.0,0.0
112,0.0,0.0,0.0
113,0.0,0.0,0.0
114,0.0,0.0,0.0
115,0.0,0.0,0.0
116,0.0,0.0,0.0
117,0.0,0.0,0.0
118,0.0,0.0,0.0
119,0.0,0.0,0.0
120,0.0,0.0,0.0
121,0.0,0.0,0.0
122,0.0,0.0,0.0
123,0.0,0.0,0.0
124,0.0,0.0,0.0
125,0.0,0.0,0.0
126,0.0,0.0,0.0
128,0.0,0.0,0.0
129,0.0,0.0,0.0
132,0.0,0.0,0.0
106,0.0,0.0,0.0
103,0.0,0.0,0.0
75,0.0,0.0,0.0
102,0.0,0.0,0.0
76,0.0,0.0,0.0
77,0.0,0.0,0.0
78,0.0,0.0,0.0
79,0.0,0.0,0.0
80,0.0,0.0,0.0
81,0.0,0.0,0.0
83,0.0,0.0,0.0
84,0.0,0.0,0.0
85,0.0,0.0,0.0
86,0.0,0.0,0.0
87,0.0,0.0,0.0
88,0.0,0.0,0.0
90,0.0,0.0,0.0
91,0.0,0.0,0.0
93,0.0,0.0,0.0
94,0.0,0.0,0.0
95,0.0,0.0,0.0
96,0.0,0.0,0.0
97,0.0,0.0,0.0
98,0.0,0.0,0.0
99,0.0,0.0,0.0
100,0.0,0.0,0.0
101,0.0,0.0,0.0
292,0.0,0.0,0.0
294,0.0,0.0,0.0
575,0.0,0.0,0.0
468,0.0,0.0,0.0
471,0.0,0.0,0.0
472,0.0,0.0,0.0
473,0.0,0.0,0.0
474,0.0,0.0,0.0
477,0.0,0.0,0.0
480,0.0,0.0,0.0
481,0.0,0.0,0.0
482,0.0,0.0,0.0
483,0.0,0.0,0.0
484,0.0,0.0,0.0
485,0.0,0.0,0.0
486,0.0,0.0,0.0
488,0.0,0.0,0.0
489,0.0,0.0,0.0
490,0.0,0.0,0.0
491,0.0,0.0,0.0
492,0.0,0.0,0.0
493,0.0,0.0,0.0
494,0.0,0.0,0.0
495,0.0,0.0,0.0
496,0.0,0.0,0.0
497,0.0,0.0,0.0
498,0.0,0.0,0.0
470,0.0,0.0,0.0
467,0.0,0.0,0.0
500,0.0,0.0,0.0
465,0.0,0.0,0.0
437,0.0,0.0,0.0
438,0.0,0.0,0.0
440,0.0,0.0,0.0
442,0.0,0.0,0.0
443,0.0,0.0,0.0
444,0.0,0.0,0.0
445,0.0,0.0,0.0
446,0.0,0.0,0.0
447,0.0,0.0,0.0
448,0.0,0.0,0.0
449,0.0,0.0,0.0
450,0.0,0.0,0.0
451,0.0,0.0,0.0
452,0.0,0.0,0.0
453,0.0,0.0,0.0
454,0.0,0.0,0.0
455,0.0,0.0,0.0
457,0.0,0.0,0.0
458,0.0,0.0,0.0
459,0.0,0.0,0.0
460,0.0,0.0,0.0
461,0.0,0.0,0.0
464,0.0,0.0,0.0
499,0.0,0.0,0.0
501,0.0,0.0,0.0
434,0.0,0.0,0.0
536,0.0,0.0,0.0
540,0.0,0.0,0.0
542,0.0,0.0,0.0
544,0.0,0.0,0.0
545,0.0,0.0,0.0
546,0.0,0.0,0.0
547,0.0,0.0,0.0
548,0.0,0.0,0.0
549,0.0,0.0,0.0
550,0.0,0.0,0.0
551,0.0,0.0,0.0
554,0.0,0.0,0.0
555,0.0,0.0,0.0
556,0.0,0.0,0.0
557,0.0,0.0,0.0
559,0.0,0.0,0.0
560,0.0,0.0,0.0
561,0.0,0.0,0.0
562,0.0,0.0,0.0
563,0.0,0.0,0.0
566,0.0,0.0,0.0
568,0.0,0.0,0.0
569,0.0,0.0,0.0
572,0.0,0.0,0.0
538,0.0,0.0,0.0
535,0.0,0.0,0.0
502,0.0,0.0,0.0
533,0.0,0.0,0.0
503,0.0,0.0,0.0
506,0.0,0.0,0.0
509,0.0,0.0,0.0
510,0.0,0.0,0.0
511,0.0,0.0,0.0
512,0.0,0.0,0.0
515,0.0,0.0,0.0
516,0.0,0.0,0.0
517,0.0,0.0,0.0
518,0.0,0.0,0.0
519,0.0,0.0,0.0
520,0.0,0.0,0.0
521,0.0,0.0,0.0
522,0.0,0.0,0.0
523,0.0,0.0,0.0
524,0.0,0.0,0.0
525,0.0,0.0,0.0
526,0.0,0.0,0.0
527,0.0,0.0,0.0
528,0.0,0.0,0.0
529,0.0,0.0,0.0
531,0.0,0.0,0.0
532,0.0,0.0,0.0
436,0.0,0.0,0.0
432,0.0,0.0,0.0
295,0.0,0.0,0.0
333,0.0,0.0,0.0
335,0.0,0.0,0.0
337,0.0,0.0,0.0
339,0.0,0.0,0.0
340,0.0,0.0,0.0
341,0.0,0.0,0.0
342,0.0,0.0,0.0
343,0.0,0.0,0.0
344,0.0,0.0,0.0
345,0.0,0.0,0.0
346,0.0,0.0,0.0
347,0.0,0.0,0.0
348,0.0,0.0,0.0
349,0.0,0.0,0.0
352,0.0,0.0,0.0
353,0.0,0.0,0.0
354,0.0,0.0,0.0
355,0.0,0.0,0.0
356,0.0,0.0,0.0
357,0.0,0.0,0.0
359,0.0,0.0,0.0
360,0.0,0.0,0.0
361,0.0,0.0,0.0
362,0.0,0.0,0.0
334,0.0,0.0,0.0
331,0.0,0.0,0.0
365,0.0,0.0,0.0
330,0.0,0.0,0.0
297,0.0,0.0,0.0
298,0.0,0.0,0.0
299,0.0,0.0,0.0
300,0.0,0.0,0.0
303,0.0,0.0,0.0
304,0.0,0.0,0.0
306,0.0,0.0,0.0
308,0.0,0.0,0.0
310,0.0,0.0,0.0
311,0.0,0.0,0.0
312,0.0,0.0,0.0
313,0.0,0.0,0.0
315,0.0,0.0,0.0
319,0.0,0.0,0.0
320,0.0,0.0,0.0
321,0.0,0.0,0.0
322,0.0,0.0,0.0
323,0.0,0.0,0.0
324,0.0,0.0,0.0
325,0.0,0.0,0.0
327,0.0,0.0,0.0
328,0.0,0.0,0.0
329,0.0,0.0,0.0
364,0.0,0.0,0.0
366,0.0,0.0,0.0
431,0.0,0.0,0.0
401,0.0,0.0,0.0
404,0.0,0.0,0.0
405,0.0,0.0,0.0
406,0.0,0.0,0.0
407,0.0,0.0,0.0
409,0.0,0.0,0.0
410,0.0,0.0,0.0
412,0.0,0.0,0.0
413,0.0,0.0,0.0
414,0.0,0.0,0.0
415,0.0,0.0,0.0
416,0.0,0.0,0.0
417,0.0,0.0,0.0
418,0.0,0.0,0.0
419,0.0,0.0,0.0
420,0.0,0.0,0.0
421,0.0,0.0,0.0
422,0.0,0.0,0.0
423,0.0,0.0,0.0
424,0.0,0.0,0.0
426,0.0,0.0,0.0
427,0.0,0.0,0.0
428,0.0,0.0,0.0
429,0.0,0.0,0.0
402,0.0,0.0,0.0
400,0.0,0.0,0.0
368,0.0,0.0,0.0
399,0.0,0.0,0.0
369,0.0,0.0,0.0
371,0.0,0.0,0.0
372,0.0,0.0,0.0
373,0.0,0.0,0.0
375,0.0,0.0,0.0
376,0.0,0.0,0.0
377,0.0,0.0,0.0
378,0.0,0.0,0.0
380,0.0,0.0,0.0
381,0.0,0.0,0.0
382,0.0,0.0,0.0
383,0.0,0.0,0.0
384,0.0,0.0,0.0
386,0.0,0.0,0.0
388,0.0,0.0,0.0
390,0.0,0.0,0.0
391,0.0,0.0,0.0
392,0.0,0.0,0.0
393,0.0,0.0,0.0
394,0.0,0.0,0.0
395,0.0,0.0,0.0
397,0.0,0.0,0.0
398,0.0,0.0,0.0
1188,0.0,0.0,0.0
1190,0.0,0.0,0.0
2364,0.0,0.0,0.0
1972,0.0,0.0,0.0
1956,0.0,0.0,0.0
1959,0.0,0.0,0.0
1960,0.0,0.0,0.0
1961,0.0,0.0,0.0
1962,0.0,0.0,0.0
1963,0.0,0.0,0.0
1965,0.0,0.0,0.0
1966,0.0,0.0,0.0
1967,0.0,0.0,0.0
1968,0.0,0.0,0.0
1970,0.0,0.0,0.0
1974,0.0,0.0,0.0
1191,0.0,0.0,0.0
1975,0.0,0.0,0.0
1976,0.0,0.0,0.0
1977,0.0,0.0,0.0
1978,0.0,0.0,0.0
1980,0.0,0.0,0.0
1981,0.0,0.0,0.0
1982,0.0,0.0,0.0
1984,0.0,0.0,0.0
1985,0.0,0.0,0.0
1988,0.0,0.0,0.0
1990,0.0,0.0,0.0
1954,0.0,0.0,0.0
1953,0.0,0.0,0.0
1952,0.0,0.0,0.0
1951,0.0,0.0,0.0
1923,0.0,0.0,0.0
1926,0.0,0.0,0.0
1927,0.0,0.0,0.0
1928,0.0,0.0,0.0
1929,0.0,0.0,0.0
1930,0.0,0.0,0.0
1931,0.0,0.0,0.0
1933,0.0,0.0,0.0
1934,0.0,0.0,0.0
1935,0.0,0.0,0.0
1936,0.0,0.0,0.0
1937,0.0,0.0,0.0
1938,0.0,0.0,0.0
1939,0.0,0.0,0.0
1940,0.0,0.0,0.0
1941,0.0,0.0,0.0
1943,0.0,0.0,0.0
1944,0.0,0.0,0.0
1945,0.0,0.0,0.0
1946,0.0,0.0,0.0
1948,0.0,0.0,0.0
1949,0.0,0.0,0.0
1950,0.0,0.0,0.0
1991,0.0,0.0,0.0
1992,0.0,0.0,0.0
1993,0.0,0.0,0.0
2031,0.0,0.0,0.0
2035,0.0,0.0,0.0
2036,0.0,0.0,0.0
2038,0.0,0.0,0.0
2039,0.0,0.0,0.0
2040,0.0,0.0,0.0
2041,0.0,0.0,0.0
2044,0.0,0.0,0.0
2047,0.0,0.0,0.0
2049,0.0,0.0,0.0
2050,0.0,0.0,0.0
2051,0.0,0.0,0.0
2052,0.0,0.0,0.0
2054,0.0,0.0,0.0
2056,0.0,0.0,0.0
2057,0.0,0.0,0.0
2058,0.0,0.0,0.0
2059,0.0,0.0,0.0
2062,0.0,0.0,0.0
2063,0.0,0.0,0.0
2066,0.0,0.0,0.0
2068,0.0,0.0,0.0
2070,0.0,0.0,0.0
2071,0.0,0.0,0.0
2034,0.0,0.0,0.0
2030,0.0,0.0,0.0
1994,0.0,0.0,0.0
2029,0.0,0.0,0.0
1995,0.0,0.0,0.0
1996,0.0,0.0,0.0
1997,0.0,0.0,0.0
1998,0.0,0.0,0.0
2003,0.0,0.0,0.0
2004,0.0,0.0,0.0
2005,0.0,0.0,0.0
2006,0.0,0.0,0.0
2007,0.0,0.0,0.0
2008,0.0,0.0,0.0
2009,0.0,0.0,0.0
2010,0.0,0.0,0.0
2013,0.0,0.0,0.0
2014,0.0,0.0,0.0
2016,0.0,0.0,0.0
2020,0.0,0.0,0.0
2021,0.0,0.0,0.0
2022,0.0,0.0,0.0
2023,0.0,0.0,0.0
2024,0.0,0.0,0.0
2026,0.0,0.0,0.0
2027,0.0,0.0,0.0
2028,0.0,0.0,0.0
1921,0.0,0.0,0.0
1920,0.0,0.0,0.0
1919,0.0,0.0,0.0
1807,0.0,0.0,0.0
1809,0.0,0.0,0.0
1810,0.0,0.0,0.0
1811,0.0,0.0,0.0
1812,0.0,0.0,0.0
1814,0.0,0.0,0.0
1815,0.0,0.0,0.0
1816,0.0,0.0,0.0
1817,0.0,0.0,0.0
1819,0.0,0.0,0.0
1820,0.0,0.0,0.0
1821,0.0,0.0,0.0
1822,0.0,0.0,0.0
1823,0.0,0.0,0.0
1824,0.0,0.0,0.0
1825,0.0,0.0,0.0
1826,0.0,0.0,0.0
1829,0.0,0.0,0.0
1831,0.0,0.0,0.0
1833,0.0,0.0,0.0
1834,0.0,0.0,0.0
1835,0.0,0.0,0.0
1838,0.0,0.0,0.0
1841,0.0,0.0,0.0
1808,0.0,0.0,0.0
1802,0.0,0.0,0.0
1843,0.0,0.0,0.0
1799,0.0,0.0,0.0
1769,0.0,0.0,0.0
1770,0.0,0.0,0.0
1772,0.0,0.0,0.0
1773,0.0,0.0,0.0
1774,0.0,0.0,0.0
1775,0.0,0.0,0.0
1776,0.0,0.0,0.0
1777,0.0,0.0,0.0
1778,0.0,0.0,0.0
1780,0.0,0.0,0.0
1781,0.0,0.0,0.0
1782,0.0,0.0,0.0
1783,0.0,0.0,0.0
1784,0.0,0.0,0.0
1785,0.0,0.0,0.0
1786,0.0,0.0,0.0
1787,0.0,0.0,0.0
1788,0.0,0.0,0.0
1790,0.0,0.0,0.0
1794,0.0,0.0,0.0
1795,0.0,0.0,0.0
1796,0.0,0.0,0.0
1798,0.0,0.0,0.0
1842,0.0,0.0,0.0
1844,0.0,0.0,0.0
1918,0.0,0.0,0.0
1881,0.0,0.0,0.0
1883,0.0,0.0,0.0
1884,0.0,0.0,0.0
1885,0.0,0.0,0.0
1887,0.0,0.0,0.0
1890,0.0,0.0,0.0
1892,0.0,0.0,0.0
1893,0.0,0.0,0.0
1896,0.0,0.0,0.0
1898,0.0,0.0,0.0
1901,0.0,0.0,0.0
1902,0.0,0.0,0.0
1903,0.0,0.0,0.0
1904,0.0,0.0,0.0
1906,0.0,0.0,0.0
1907,0.0,0.0,0.0
1908,0.0,0.0,0.0
1909,0.0,0.0,0.0
1910,0.0,0.0,0.0
1912,0.0,0.0,0.0
1913,0.0,0.0,0.0
1914,0.0,0.0,0.0
1916,0.0,0.0,0.0
1917,0.0,0.0,0.0
1882,0.0,0.0,0.0
1880,0.0,0.0,0.0
1845,0.0,0.0,0.0
1879,0.0,0.0,0.0
1848,0.0,0.0,0.0
1849,0.0,0.0,0.0
1851,0.0,0.0,0.0
1853,0.0,0.0,0.0
1854,0.0,0.0,0.0
1855,0.0,0.0,0.0
1856,0.0,0.0,0.0
1858,0.0,0.0,0.0
1859,0.0,0.0,0.0
1860,0.0,0.0,0.0
1861,0.0,0.0,0.0
1862,0.0,0.0,0.0
1863,0.0,0.0,0.0
1865,0.0,0.0,0.0
1866,0.0,0.0,0.0
1867,0.0,0.0,0.0
1868,0.0,0.0,0.0
1871,0.0,0.0,0.0
1872,0.0,0.0,0.0
1874,0.0,0.0,0.0
1875,0.0,0.0,0.0
1877,0.0,0.0,0.0
1878,0.0,0.0,0.0
2073,0.0,0.0,0.0
2076,0.0,0.0,0.0
2077,0.0,0.0,0.0
2257,0.0,0.0,0.0
2259,0.0,0.0,0.0
2260,0.0,0.0,0.0
2261,0.0,0.0,0.0
2263,0.0,0.0,0.0
2264,0.0,0.0,0.0
2265,0.0,0.0,0.0
2266,0.0,0.0,0.0
2267,0.0,0.0,0.0
2269,0.0,0.0,0.0
2270,0.0,0.0,0.0
2271,0.0,0.0,0.0
2272,0.0,0.0,0.0
2274,0.0,0.0,0.0
2275,0.0,0.0,0.0
2278,0.0,0.0,0.0
2279,0.0,0.0,0.0
2280,0.0,0.0,0.0
2285,0.0,0.0,0.0
2286,0.0,0.0,0.0
2288,0.0,0.0,0.0
2289,0.0,0.0,0.0
2290,0.0,0.0,0.0
2291,0.0,0.0,0.0
2258,0.0,0.0,0.0
2256,0.0,0.0,0.0
2293,0.0,0.0,0.0
2255,0.0,0.0,0.0
2226,0.0,0.0,0.0
2227,0.0,0.0,0.0
2228,0.0,0.0,0.0
2229,0.0,0.0,0.0
2230,0.0,0.0,0.0
2231,0.0,0.0,0.0
2233,0.0,0.0,0.0
2234,0.0,0.0,0.0
2235,0.0,0.0,0.0
2236,0.0,0.0,0.0
2238,0.0,0.0,0.0
2239,0.0,0.0,0.0
2241,0.0,0.0,0.0
2242,0.0,0.0,0.0
2243,0.0,0.0,0.0
2245,0.0,0.0,0.0
2247,0.0,0.0,0.0
2249,0.0,0.0,0.0
2250,0.0,0.0,0.0
2251,0.0,0.0,0.0
2252,0.0,0.0,0.0
2253,0.0,0.0,0.0
2254,0.0,0.0,0.0
2292,0.0,0.0,0.0
2294,0.0,0.0,0.0
2223,0.0,0.0,0.0
2332,0.0,0.0,0.0
2334,0.0,0.0,0.0
2335,0.0,0.0,0.0
2336,0.0,0.0,0.0
2337,0.0,0.0,0.0
2338,0.0,0.0,0.0
2339,0.0,0.0,0.0
2342,0.0,0.0,0.0
2343,0.0,0.0,0.0
2345,0.0,0.0,0.0
2346,0.0,0.0,0.0
2347,0.0,0.0,0.0
2348,0.0,0.0,0.0
2350,0.0,0.0,0.0
2351,0.0,0.0,0.0
2352,0.0,0.0,0.0
2353,0.0,0.0,0.0
2354,0.0,0.0,0.0
2355,0.0,0.0,0.0
2357,0.0,0.0,0.0
2360,0.0,0.0,0.0
2361,0.0,0.0,0.0
2362,0.0,0.0,0.0
2363,0.0,0.0,0.0
2333,0.0,0.0,0.0
2331,0.0,0.0,0.0
2295,0.0,0.0,0.0
2329,0.0,0.0,0.0
2297,0.0,0.0,0.0
2298,0.0,0.0,0.0
2300,0.0,0.0,0.0
2301,0.0,0.0,0.0
2302,0.0,0.0,0.0
2304,0.0,0.0,0.0
2305,0.0,0.0,0.0
2306,0.0,0.0,0.0
2307,0.0,0.0,0.0
2309,0.0,0.0,0.0
2311,0.0,0.0,0.0
2312,0.0,0.0,0.0
2313,0.0,0.0,0.0
2316,0.0,0.0,0.0
2318,0.0,0.0,0.0
2321,0.0,0.0,0.0
2322,0.0,0.0,0.0
2323,0.0,0.0,0.0
2324,0.0,0.0,0.0
2325,0.0,0.0,0.0
2326,0.0,0.0,0.0
2327,0.0,0.0,0.0
2328,0.0,0.0,0.0
2224,0.0,0.0,0.0
2222,0.0,0.0,0.0
2079,0.0,0.0,0.0
2109,0.0,0.0,0.0
2112,0.0,0.0,0.0
2114,0.0,0.0,0.0
2115,0.0,0.0,0.0
2117,0.0,0.0,0.0
2118,0.0,0.0,0.0
2120,0.0,0.0,0.0
2121,0.0,0.0,0.0
2122,0.0,0.0,0.0
2123,0.0,0.0,0.0
2124,0.0,0.0,0.0
2125,0.0,0.0,0.0
2126,0.0,0.0,0.0
2127,0.0,0.0,0.0
2129,0.0,0.0,0.0
2130,0.0,0.0,0.0
2131,0.0,0.0,0.0
2132,0.0,0.0,0.0
2133,0.0,0.0,0.0
2134,0.0,0.0,0.0
2135,0.0,0.0,0.0
2136,0.0,0.0,0.0
2138,0.0,0.0,0.0
2139,0.0,0.0,0.0
2110,0.0,0.0,0.0
2108,0.0,0.0,0.0
2141,0.0,0.0,0.0
2107,0.0,0.0,0.0
2080,0.0,0.0,0.0
2081,0.0,0.0,0.0
2082,0.0,0.0,0.0
2084,0.0,0.0,0.0
2086,0.0,0.0,0.0
2087,0.0,0.0,0.0
2088,0.0,0.0,0.0
2089,0.0,0.0,0.0
2090,0.0,0.0,0.0
2091,0.0,0.0,0.0
2092,0.0,0.0,0.0
2093,0.0,0.0,0.0
2095,0.0,0.0,0.0
2096,0.0,0.0,0.0
2097,0.0,0.0,0.0
2098,0.0,0.0,0.0
2099,0.0,0.0,0.0
2100,0.0,0.0,0.0
2101,0.0,0.0,0.0
2102,0.0,0.0,0.0
2104,0.0,0.0,0.0
2105,0.0,0.0,0.0
2106,0.0,0.0,0.0
2140,0.0,0.0,0.0
2144,0.0,0.0,0.0
2221,0.0,0.0,0.0
2187,0.0,0.0,0.0
2190,0.0,0.0,0.0
2191,0.0,0.0,0.0
2193,0.0,0.0,0.0
2194,0.0,0.0,0.0
2195,0.0,0.0,0.0
2197,0.0,0.0,0.0
2198,0.0,0.0,0.0
2199,0.0,0.0,0.0
2200,0.0,0.0,0.0
2202,0.0,0.0,0.0
2204,0.0,0.0,0.0
2205,0.0,0.0,0.0
2206,0.0,0.0,0.0
2207,0.0,0.0,0.0
2208,0.0,0.0,0.0
2210,0.0,0.0,0.0
2211,0.0,0.0,0.0
2212,0.0,0.0,0.0
2215,0.0,0.0,0.0
2216,0.0,0.0,0.0
2217,0.0,0.0,0.0
2218,0.0,0.0,0.0
2219,0.0,0.0,0.0
2188,0.0,0.0,0.0
2186,0.0,0.0,0.0
2146,0.0,0.0,0.0
2184,0.0,0.0,0.0
2147,0.0,0.0,0.0
2149,0.0,0.0,0.0
2151,0.0,0.0,0.0
2153,0.0,0.0,0.0
2154,0.0,0.0,0.0
2155,0.0,0.0,0.0
2157,0.0,0.0,0.0
2159,0.0,0.0,0.0
2160,0.0,0.0,0.0
2161,0.0,0.0,0.0
2162,0.0,0.0,0.0
2163,0.0,0.0,0.0
2164,0.0,0.0,0.0
2165,0.0,0.0,0.0
2167,0.0,0.0,0.0
2168,0.0,0.0,0.0
2169,0.0,0.0,0.0
2170,0.0,0.0,0.0
2173,0.0,0.0,0.0
2174,0.0,0.0,0.0
2176,0.0,0.0,0.0
2180,0.0,0.0,0.0
2181,0.0,0.0,0.0
1766,0.0,0.0,0.0
1765,0.0,0.0,0.0
1764,0.0,0.0,0.0
1373,0.0,0.0,0.0
1375,0.0,0.0,0.0
1376,0.0,0.0,0.0
1377,0.0,0.0,0.0
1378,0.0,0.0,0.0
1379,0.0,0.0,0.0
1380,0.0,0.0,0.0
1383,0.0,0.0,0.0
1384,0.0,0.0,0.0
1385,0.0,0.0,0.0
1386,0.0,0.0,0.0
1387,0.0,0.0,0.0
1388,0.0,0.0,0.0
1390,0.0,0.0,0.0
1391,0.0,0.0,0.0
1392,0.0,0.0,0.0
1395,0.0,0.0,0.0
1396,0.0,0.0,0.0
1397,0.0,0.0,0.0
1398,0.0,0.0,0.0
1400,0.0,0.0,0.0
1401,0.0,0.0,0.0
1402,0.0,0.0,0.0
1403,0.0,0.0,0.0
1374,0.0,0.0,0.0
1372,0.0,0.0,0.0
1405,0.0,0.0,0.0
1371,0.0,0.0,0.0
1338,0.0,0.0,0.0
1339,0.0,0.0,0.0
1341,0.0,0.0,0.0
1342,0.0,0.0,0.0
1343,0.0,0.0,0.0
1345,0.0,0.0,0.0
1347,0.0,0.0,0.0
1348,0.0,0.0,0.0
1350,0.0,0.0,0.0
1352,0.0,0.0,0.0
1353,0.0,0.0,0.0
1355,0.0,0.0,0.0
1356,0.0,0.0,0.0
1359,0.0,0.0,0.0
1360,0.0,0.0,0.0
1361,0.0,0.0,0.0
1362,0.0,0.0,0.0
1363,0.0,0.0,0.0
1364,0.0,0.0,0.0
1365,0.0,0.0,0.0
1366,0.0,0.0,0.0
1367,0.0,0.0,0.0
1370,0.0,0.0,0.0
1404,0.0,0.0,0.0
1406,0.0,0.0,0.0
1336,0.0,0.0,0.0
1447,0.0,0.0,0.0
1449,0.0,0.0,0.0
1452,0.0,0.0,0.0
1453,0.0,0.0,0.0
1454,0.0,0.0,0.0
1456,0.0,0.0,0.0
1457,0.0,0.0,0.0
1458,0.0,0.0,0.0
1459,0.0,0.0,0.0
1460,0.0,0.0,0.0
1461,0.0,0.0,0.0
1462,0.0,0.0,0.0
1463,0.0,0.0,0.0
1464,0.0,0.0,0.0
1465,0.0,0.0,0.0
1466,0.0,0.0,0.0
1467,0.0,0.0,0.0
1469,0.0,0.0,0.0
1470,0.0,0.0,0.0
1473,0.0,0.0,0.0
1474,0.0,0.0,0.0
1475,0.0,0.0,0.0
1476,0.0,0.0,0.0
1477,0.0,0.0,0.0
1448,0.0,0.0,0.0
1446,0.0,0.0,0.0
1408,0.0,0.0,0.0
1445,0.0,0.0,0.0
1409,0.0,0.0,0.0
1411,0.0,0.0,0.0
1415,0.0,0.0,0.0
1417,0.0,0.0,0.0
1418,0.0,0.0,0.0
1419,0.0,0.0,0.0
1420,0.0,0.0,0.0
1422,0.0,0.0,0.0
1423,0.0,0.0,0.0
1424,0.0,0.0,0.0
1425,0.0,0.0,0.0
1428,0.0,0.0,0.0
1429,0.0,0.0,0.0
1430,0.0,0.0,0.0
1432,0.0,0.0,0.0
1434,0.0,0.0,0.0
1436,0.0,0.0,0.0
1439,0.0,0.0,0.0
1440,0.0,0.0,0.0
1441,0.0,0.0,0.0
1442,0.0,0.0,0.0
1443,0.0,0.0,0.0
1444,0.0,0.0,0.0
1337,0.0,0.0,0.0
1335,0.0,0.0,0.0
1480,0.0,0.0,0.0
1225,0.0,0.0,0.0
1227,0.0,0.0,0.0
1228,0.0,0.0,0.0
1231,0.0,0.0,0.0
1232,0.0,0.0,0.0
1234,0.0,0.0,0.0
1235,0.0,0.0,0.0
1236,0.0,0.0,0.0
1237,0.0,0.0,0.0
1238,0.0,0.0,0.0
1239,0.0,0.0,0.0
1240,0.0,0.0,0.0
1241,0.0,0.0,0.0
1243,0.0,0.0,0.0
1244,0.0,0.0,0.0
1245,0.0,0.0,0.0
1246,0.0,0.0,0.0
1248,0.0,0.0,0.0
1249,0.0,0.0,0.0
1250,0.0,0.0,0.0
1251,0.0,0.0,0.0
1256,0.0,0.0,0.0
1257,0.0,0.0,0.0
1258,0.0,0.0,0.0
1226,0.0,0.0,0.0
1223,0.0,0.0,0.0
1260,0.0,0.0,0.0
1222,0.0,0.0,0.0
1192,0.0,0.0,0.0
1193,0.0,0.0,0.0
1194,0.0,0.0,0.0
1195,0.0,0.0,0.0
1197,0.0,0.0,0.0
1198,0.0,0.0,0.0
1199,0.0,0.0,0.0
1200,0.0,0.0,0.0
1201,0.0,0.0,0.0
1202,0.0,0.0,0.0
1203,0.0,0.0,0.0
1204,0.0,0.0,0.0
1205,0.0,0.0,0.0
1206,0.0,0.0,0.0
1208,0.0,0.0,0.0
1212,0.0,0.0,0.0
1213,0.0,0.0,0.0
1214,0.0,0.0,0.0
1215,0.0,0.0,0.0
1216,0.0,0.0,0.0
1217,0.0,0.0,0.0
1219,0.0,0.0,0.0
1221,0.0,0.0,0.0
1259,0.0,0.0,0.0
1261,0.0,0.0,0.0
1334,0.0,0.0,0.0
1301,0.0,0.0,0.0
1303,0.0,0.0,0.0
1305,0.0,0.0,0.0
1306,0.0,0.0,0.0
1307,0.0,0.0,0.0
1309,0.0,0.0,0.0
1310,0.0,0.0,0.0
1311,0.0,0.0,0.0
1312,0.0,0.0,0.0
1313,0.0,0.0,0.0
1314,0.0,0.0,0.0
1315,0.0,0.0,0.0
1316,0.0,0.0,0.0
1318,0.0,0.0,0.0
1320,0.0,0.0,0.0
1321,0.0,0.0,0.0
1323,0.0,0.0,0.0
1324,0.0,0.0,0.0
1325,0.0,0.0,0.0
1326,0.0,0.0,0.0
1327,0.0,0.0,0.0
1328,0.0,0.0,0.0
1329,0.0,0.0,0.0
1333,0.0,0.0,0.0
1302,0.0,0.0,0.0
1300,0.0,0.0,0.0
1263,0.0,0.0,0.0
1299,0.0,0.0,0.0
1264,0.0,0.0,0.0
1266,0.0,0.0,0.0
1267,0.0,0.0,0.0
1269,0.0,0.0,0.0
1270,0.0,0.0,0.0
1271,0.0,0.0,0.0
1272,0.0,0.0,0.0
1273,0.0,0.0,0.0
1275,0.0,0.0,0.0
1276,0.0,0.0,0.0
1277,0.0,0.0,0.0
1278,0.0,0.0,0.0
1282,0.0,0.0,0.0
1283,0.0,0.0,0.0
1285,0.0,0.0,0.0
1287,0.0,0.0,0.0
1289,0.0,0.0,0.0
1291,0.0,0.0,0.0
1292,0.0,0.0,0.0
1293,0.0,0.0,0.0
1295,0.0,0.0,0.0
1296,0.0,0.0,0.0
1298,0.0,0.0,0.0
1478,0.0,0.0,0.0
1481,0.0,0.0,0.0
1763,0.0,0.0,0.0
1663,0.0,0.0,0.0
1665,0.0,0.0,0.0
1667,0.0,0.0,0.0
1668,0.0,0.0,0.0
1669,0.0,0.0,0.0
1670,0.0,0.0,0.0
1671,0.0,0.0,0.0
1672,0.0,0.0,0.0
1673,0.0,0.0,0.0
1674,0.0,0.0,0.0
1676,0.0,0.0,0.0
1677,0.0,0.0,0.0
1679,0.0,0.0,0.0
1680,0.0,0.0,0.0
1681,0.0,0.0,0.0
1683,0.0,0.0,0.0
1686,0.0,0.0,0.0
1687,0.0,0.0,0.0
1688,0.0,0.0,0.0
1689,0.0,0.0,0.0
1690,0.0,0.0,0.0
1692,0.0,0.0,0.0
1695,0.0,0.0,0.0
1697,0.0,0.0,0.0
1664,0.0,0.0,0.0
1662,0.0,0.0,0.0
1699,0.0,0.0,0.0
1661,0.0,0.0,0.0
1632,0.0,0.0,0.0
1634,0.0,0.0,0.0
1635,0.0,0.0,0.0
1636,0.0,0.0,0.0
1637,0.0,0.0,0.0
1638,0.0,0.0,0.0
1639,0.0,0.0,0.0
1640,0.0,0.0,0.0
1641,0.0,0.0,0.0
1643,0.0,0.0,0.0
1644,0.0,0.0,0.0
1646,0.0,0.0,0.0
1647,0.0,0.0,0.0
1648,0.0,0.0,0.0
1649,0.0,0.0,0.0
1650,0.0,0.0,0.0
1651,0.0,0.0,0.0
1653,0.0,0.0,0.0
1654,0.0,0.0,0.0
1655,0.0,0.0,0.0
1656,0.0,0.0,0.0
1657,0.0,0.0,0.0
1660,0.0,0.0,0.0
1698,0.0,0.0,0.0
1700,0.0,0.0,0.0
1630,0.0,0.0,0.0
1734,0.0,0.0,0.0
1736,0.0,0.0,0.0
1737,0.0,0.0,0.0
1738,0.0,0.0,0.0
1740,0.0,0.0,0.0
1741,0.0,0.0,0.0
1742,0.0,0.0,0.0
1743,0.0,0.0,0.0
1744,0.0,0.0,0.0
1745,0.0,0.0,0.0
1746,0.0,0.0,0.0
1747,0.0,0.0,0.0
1748,0.0,0.0,0.0
1749,0.0,0.0,0.0
1750,0.0,0.0,0.0
1751,0.0,0.0,0.0
1752,0.0,0.0,0.0
1754,0.0,0.0,0.0
1755,0.0,0.0,0.0
1756,0.0,0.0,0.0
1757,0.0,0.0,0.0
1760,0.0,0.0,0.0
1761,0.0,0.0,0.0
1762,0.0,0.0,0.0
1735,0.0,0.0,0.0
1733,0.0,0.0,0.0
1702,0.0,0.0,0.0
1732,0.0,0.0,0.0
1703,0.0,0.0,0.0
1704,0.0,0.0,0.0
1706,0.0,0.0,0.0
1707,0.0,0.0,0.0
1708,0.0,0.0,0.0
1709,0.0,0.0,0.0
1710,0.0,0.0,0.0
1711,0.0,0.0,0.0
1713,0.0,0.0,0.0
1714,0.0,0.0,0.0
1715,0.0,0.0,0.0
1717,0.0,0.0,0.0
1718,0.0,0.0,0.0
1720,0.0,0.0,0.0
1721,0.0,0.0,0.0
1722,0.0,0.0,0.0
1723,0.0,0.0,0.0
1724,0.0,0.0,0.0
1725,0.0,0.0,0.0
1726,0.0,0.0,0.0
1728,0.0,0.0,0.0
1729,0.0,0.0,0.0
1731,0.0,0.0,0.0
1631,0.0,0.0,0.0
1628,0.0,0.0,0.0
1482,0.0,0.0,0.0
1524,0.0,0.0,0.0
1527,0.0,0.0,0.0
1530,0.0,0.0,0.0
1531,0.0,0.0,0.0
1532,0.0,0.0,0.0
1533,0.0,0.0,0.0
1534,0.0,0.0,0.0
1535,0.0,0.0,0.0
1536,0.0,0.0,0.0
1538,0.0,0.0,0.0
1539,0.0,0.0,0.0
1540,0.0,0.0,0.0
1542,0.0,0.0,0.0
1543,0.0,0.0,0.0
1544,0.0,0.0,0.0
1545,0.0,0.0,0.0
1546,0.0,0.0,0.0
1547,0.0,0.0,0.0
1548,0.0,0.0,0.0
1549,0.0,0.0,0.0
1552,0.0,0.0,0.0
1553,0.0,0.0,0.0
1556,0.0,0.0,0.0
1557,0.0,0.0,0.0
1525,0.0,0.0,0.0
1523,0.0,0.0,0.0
1563,0.0,0.0,0.0
1521,0.0,0.0,0.0
1483,0.0,0.0,0.0
1484,0.0,0.0,0.0
1486,0.0,0.0,0.0
1487,0.0,0.0,0.0
1489,0.0,0.0,0.0
1490,0.0,0.0,0.0
1492,0.0,0.0,0.0
1493,0.0,0.0,0.0
1496,0.0,0.0,0.0
1497,0.0,0.0,0.0
1499,0.0,0.0,0.0
1500,0.0,0.0,0.0
1504,0.0,0.0,0.0
1505,0.0,0.0,0.0
1507,0.0,0.0,0.0
1508,0.0,0.0,0.0
1510,0.0,0.0,0.0
1511,0.0,0.0,0.0
1513,0.0,0.0,0.0
1514,0.0,0.0,0.0
1518,0.0,0.0,0.0
1519,0.0,0.0,0.0
1520,0.0,0.0,0.0
1559,0.0,0.0,0.0
1564,0.0,0.0,0.0
1627,0.0,0.0,0.0
1593,0.0,0.0,0.0
1595,0.0,0.0,0.0
1596,0.0,0.0,0.0
1597,0.0,0.0,0.0
1599,0.0,0.0,0.0
1600,0.0,0.0,0.0
1601,0.0,0.0,0.0
1602,0.0,0.0,0.0
1603,0.0,0.0,0.0
1606,0.0,0.0,0.0
1607,0.0,0.0,0.0
1608,0.0,0.0,0.0
1609,0.0,0.0,0.0
1611,0.0,0.0,0.0
1613,0.0,0.0,0.0
1614,0.0,0.0,0.0
1615,0.0,0.0,0.0
1616,0.0,0.0,0.0
1617,0.0,0.0,0.0
1618,0.0,0.0,0.0
1619,0.0,0.0,0.0
1620,0.0,0.0,0.0
1623,0.0,0.0,0.0
1625,0.0,0.0,0.0
1594,0.0,0.0,0.0
1592,0.0,0.0,0.0
1565,0.0,0.0,0.0
1591,0.0,0.0,0.0
1566,0.0,0.0,0.0
1567,0.0,0.0,0.0
1568,0.0,0.0,0.0
1570,0.0,0.0,0.0
1571,0.0,0.0,0.0
1572,0.0,0.0,0.0
1573,0.0,0.0,0.0
1574,0.0,0.0,0.0
1575,0.0,0.0,0.0
1576,0.0,0.0,0.0
1577,0.0,0.0,0.0
1578,0.0,0.0,0.0
1579,0.0,0.0,0.0
1580,0.0,0.0,0.0
1581,0.0,0.0,0.0
1582,0.0,0.0,0.0
1583,0.0,0.0,0.0
1584,0.0,0.0,0.0
1585,0.0,0.0,0.0
1586,0.0,0.0,0.0
1587,0.0,0.0,0.0
1588,0.0,0.0,0.0
1590,0.0,0.0,0.0
4095,0.0,0.0,0.0
