model,method,dataset,shots,seed,backbone,encoder,position,r,alpha,baseline_type,zs_acc,lp_acc,ft_acc,adapter_delta
clip,lora,ucf101,16,1,ViT-B/16,both,all,4,1.0,zero_shot,65.2392,,86.0693,20.8300
clip,lora,stanford_cars,16,1,ViT-B/16,both,all,4,1.0,zero_shot,63.7483,,81.5570,17.8087
clip,lora,food101,16,1,ViT-B/16,both,all,4,1.0,zero_shot,88.2416,,89.5762,1.3347
clip,lora,oxford_flowers,16,1,ViT-B/16,both,all,4,1.0,zero_shot,8.5294,,89.1176,80.5882
dino,lora,ucf101,16,1,facebook/dinov2-base,vision,all,4,1.0,prototype_kshot+linear_probe,80.8882,,83.6638,2.7756
dino,lora,stanford_cars,16,1,facebook/dinov2-base,vision,all,4,1.0,prototype_kshot+linear_probe,45.5789,,84.0691,38.4902
dino,lora,food101,16,1,facebook/dinov2-base,vision,all,4,1.0,prototype_kshot+linear_probe,79.7545,,83.3822,3.6277
dino,lora,oxford_flowers,16,1,facebook/dinov2-base,vision,all,4,1.0,prototype_kshot+linear_probe,99.5098,,99.5098,0.0000
dino,lora,eurosat,16,1,facebook/dinov2-base,vision,all,4,1.0,prototype_kshot+linear_probe,71.3704,,88.6420,17.2716
dino,lora,dtd,16,1,facebook/dinov2-base,vision,all,4,1.0,prototype_kshot+linear_probe,75.1852,,77.6543,2.4691
dino,lora,imagenet_v2,16,1,facebook/dinov2-base,vision,all,4,1.0,prototype_kshot+linear_probe,83.3300,,96.2400,12.9100
dino,lora,imagenet_sketch,16,1,facebook/dinov2-base,vision,all,4,1.0,prototype_kshot+linear_probe,65.6188,,73.7965,8.1777
dino,lora,imagenet_a,16,1,facebook/dinov2-base,vision,all,4,1.0,prototype_kshot+linear_probe,72.1850,,77.9134,5.7283
dino,lora,imagenet_r,16,1,facebook/dinov2-base,vision,all,4,1.0,prototype_kshot+linear_probe,70.0462,,75.7346,5.6885
dino,lora,caltech101,16,1,facebook/dinov2-base,vision,all,4,1.0,prototype_kshot+linear_probe,96.3895,,96.7546,0.3651
dino,lora,sun397,16,1,facebook/dinov2-base,vision,all,4,1.0,prototype_kshot+linear_probe,69.4546,,67.1226,-2.3320
dino,lora,medmnist,16,1,facebook/dinov2-base,vision,all,4,1.0,prototype_kshot+linear_probe,67.0170,,85.2142,18.1972
dino,dora,ucf101,16,1,facebook/dinov2-base,vision,all,4,1.0,prototype_kshot+linear_probe,80.8882,,84.1396,3.2514
dino,dora,stanford_cars,16,1,facebook/dinov2-base,vision,all,4,1.0,prototype_kshot+linear_probe,45.5789,,84.2433,38.6643
dino,dora,food101,16,1,facebook/dinov2-base,vision,all,4,1.0,prototype_kshot+linear_probe,79.7545,,83.3980,3.6436
dino,dora,oxford_flowers,16,1,facebook/dinov2-base,vision,all,4,1.0,prototype_kshot+linear_probe,99.5098,,99.5098,0.0000
dino,dora,eurosat,16,1,facebook/dinov2-base,vision,all,4,1.0,prototype_kshot+linear_probe,71.3704,,89.3086,17.9383
dino,dora,dtd,16,1,facebook/dinov2-base,vision,all,4,1.0,prototype_kshot+linear_probe,75.1852,,77.9630,2.7778
dino,dora,imagenet_v2,16,1,facebook/dinov2-base,vision,all,4,1.0,prototype_kshot+linear_probe,83.3300,,96.1900,12.8600
dino,dora,imagenet_sketch,16,1,facebook/dinov2-base,vision,all,4,1.0,prototype_kshot+linear_probe,65.6188,,74.0684,8.4496
dino,dora,imagenet_a,16,1,facebook/dinov2-base,vision,all,4,1.0,prototype_kshot+linear_probe,72.1850,,77.8150,5.6299
dino,dora,imagenet_r,16,1,facebook/dinov2-base,vision,all,4,1.0,prototype_kshot+linear_probe,70.0462,,75.9615,5.9154
clip,lora,officehome,16,1,ViT-B/16,both,all,4,1.0,zero_shot,83.0237,,87.2518,4.2281
clip,lora,kitti,16,1,ViT-B/16,both,all,4,1.0,zero_shot,32.7764,,64.7240,31.9476
clip,lora,cityscapes,16,1,ViT-B/16,both,all,4,1.0,zero_shot,2.2000,,9.8000,7.6000
align,dora,sun397,16,1,kakaobrain/align-base,text,all,4,1.0,zero_shot,67.5283,,68.1413,0.6130
align,lora,medmnist,16,1,kakaobrain/align-base,text,all,4,1.0,zero_shot,19.2794,,46.1276,26.8482
align,dora,medmnist,16,1,kakaobrain/align-base,text,all,4,1.0,zero_shot,19.2794,,49.4990,30.2196
align,lora,caltech101,16,1,kakaobrain/align-base,text,all,4,1.0,zero_shot,84.9899,,85.0710,0.0811
align,dora,caltech101,16,1,kakaobrain/align-base,text,all,4,1.0,zero_shot,84.9899,,85.0710,0.0811
align,lora,oxford_flowers,16,1,kakaobrain/align-base,text,all,4,1.0,zero_shot,58.5294,,64.3137,5.7843
align,dora,oxford_flowers,16,1,kakaobrain/align-base,text,all,4,1.0,zero_shot,58.5294,,67.5490,9.0196
align,lora,stanford_cars,16,1,kakaobrain/align-base,text,all,4,1.0,zero_shot,61.8207,,61.8207,0.0000
align,dora,stanford_cars,16,1,kakaobrain/align-base,text,all,4,1.0,zero_shot,61.8207,,61.8207,0.0000
align,lora,fgvc,16,1,kakaobrain/align-base,text,all,4,1.0,zero_shot,10.6278,,10.6278,0.0000
align,dora,fgvc,16,1,kakaobrain/align-base,text,all,4,1.0,zero_shot,10.6278,,10.6064,-0.0214
align,lora,dtd,16,1,kakaobrain/align-base,text,all,4,1.0,zero_shot,59.4444,,62.2222,2.7778
align,dora,dtd,16,1,kakaobrain/align-base,text,all,4,1.0,zero_shot,59.4444,,64.1975,4.7531
align,lora,ucf101,16,1,kakaobrain/align-base,text,all,4,1.0,zero_shot,60.8247,,63.0981,2.2733
align,dora,ucf101,16,1,kakaobrain/align-base,text,all,4,1.0,zero_shot,60.8247,,64.1026,3.2778
align,lora,eurosat,16,1,kakaobrain/align-base,text,all,4,1.0,zero_shot,33.5062,,72.2222,38.7160
align,dora,eurosat,16,1,kakaobrain/align-base,text,all,4,1.0,zero_shot,33.5062,,68.5679,35.0617
align,lora,food101,16,1,kakaobrain/align-base,text,all,4,1.0,zero_shot,82.0238,,83.8733,1.8495
align,dora,food101,16,1,kakaobrain/align-base,text,all,4,1.0,zero_shot,82.0238,,84.0475,2.0238
align,lora,sun397,16,1,kakaobrain/align-base,text,all,4,1.0,zero_shot,67.5283,,67.8973,0.3690
align,lora,imagenet_a,16,1,kakaobrain/align-base,text,all,4,1.0,zero_shot,35.6890,,36.0236,0.3346
align,dora,imagenet_a,16,1,kakaobrain/align-base,text,all,4,1.0,zero_shot,35.6890,,35.9843,0.2953
align,lora,imagenet_r,16,1,kakaobrain/align-base,text,all,4,1.0,zero_shot,61.3731,,61.3731,0.0000
align,dora,imagenet_r,16,1,kakaobrain/align-base,text,all,4,1.0,zero_shot,61.3731,,61.3731,0.0000
align,lora,imagenet_sketch,16,1,kakaobrain/align-base,text,all,4,1.0,zero_shot,29.1495,,29.1495,0.0000
align,dora,imagenet_sketch,16,1,kakaobrain/align-base,text,all,4,1.0,zero_shot,29.1495,,29.1495,0.0000
align,lora,imagenet_v2,16,1,kakaobrain/align-base,text,all,4,1.0,zero_shot,55.2100,,55.2100,0.0000
align,dora,imagenet_v2,16,1,kakaobrain/align-base,text,all,4,1.0,zero_shot,55.2100,,55.2100,0.0000
clip,lora,fgvc,16,1,ViT-B/16,both,all,4,1.0,zero_shot,24.6840,,43.3469,18.6630
clip,dora,fgvc,16,1,ViT-B/16,both,all,4,1.0,zero_shot,24.6840,,45.5967,20.9128
dino,lora,oxford_pets,16,1,facebook/dinov2-base,vision,all,4,1.0,prototype_kshot+linear_probe,91.5306,,92.7891,1.2585
dino,dora,oxford_pets,16,1,facebook/dinov2-base,vision,all,4,1.0,prototype_kshot+linear_probe,91.5306,,91.9728,0.4422
dino,lora,fgvc,16,1,facebook/dinov2-base,vision,all,4,1.0,prototype_kshot+linear_probe,26.4410,,63.5955,37.1545
dino,dora,fgvc,16,1,facebook/dinov2-base,vision,all,4,1.0,prototype_kshot+linear_probe,26.4410,,66.3810,39.9400
align,lora,oxford_pets,16,1,kakaobrain/align-base,text,all,4,1.0,zero_shot,82.6190,,84.8980,2.2789
align,dora,oxford_pets,16,1,kakaobrain/align-base,text,all,4,1.0,zero_shot,82.6190,,85.7823,3.1633
siglip,lora,caltech101,16,1,google/siglip2-base-patch16-224,both,all,4,1.0,zero_shot,97.5659,,98.3773,0.8114
siglip,dora,caltech101,16,1,google/siglip2-base-patch16-224,both,all,4,1.0,zero_shot,97.5659,,98.6207,1.0548
siglip,lora,oxford_pets,16,1,google/siglip2-base-patch16-224,both,all,4,1.0,zero_shot,92.6531,,94.4898,1.8367
siglip,dora,oxford_pets,16,1,google/siglip2-base-patch16-224,both,all,4,1.0,zero_shot,92.6531,,94.6599,2.0068
siglip,lora,oxford_flowers,16,1,google/siglip2-base-patch16-224,both,all,4,1.0,zero_shot,82.6471,,95.8824,13.2353
siglip,dora,oxford_flowers,16,1,google/siglip2-base-patch16-224,both,all,4,1.0,zero_shot,82.6471,,97.3529,14.7059
siglip,lora,stanford_cars,16,1,google/siglip2-base-patch16-224,both,all,4,1.0,zero_shot,3.5692,,30.9539,27.3847
siglip,dora,stanford_cars,16,1,google/siglip2-base-patch16-224,both,all,4,1.0,zero_shot,3.5692,,42.7683,39.1991
siglip,lora,fgvc,16,1,google/siglip2-base-patch16-224,both,all,4,1.0,zero_shot,12.6634,,41.2256,28.5622
siglip,dora,fgvc,16,1,google/siglip2-base-patch16-224,both,all,4,1.0,zero_shot,12.6634,,47.0752,34.4118
siglip,lora,dtd,16,1,google/siglip2-base-patch16-224,both,all,4,1.0,zero_shot,62.4691,,81.1111,18.6420
siglip,dora,dtd,16,1,google/siglip2-base-patch16-224,both,all,4,1.0,zero_shot,62.4691,,82.2222,19.7531
siglip,lora,ucf101,16,1,google/siglip2-base-patch16-224,both,all,4,1.0,zero_shot,4.9432,,13.9836,9.0404
siglip,dora,ucf101,16,1,google/siglip2-base-patch16-224,both,all,4,1.0,zero_shot,4.9432,,29.4211,24.4779
siglip,lora,eurosat,16,1,google/siglip2-base-patch16-224,both,all,4,1.0,zero_shot,8.5556,,74.3457,65.7901
siglip,dora,eurosat,16,1,google/siglip2-base-patch16-224,both,all,4,1.0,zero_shot,8.5556,,82.9506,74.3951
siglip,lora,food101,16,1,google/siglip2-base-patch16-224,both,all,4,1.0,zero_shot,92.1822,,93.4059,1.2238
siglip,dora,food101,16,1,google/siglip2-base-patch16-224,both,all,4,1.0,zero_shot,92.1822,,93.6792,1.4970
siglip,lora,medmnist,16,1,google/siglip2-base-patch16-224,both,all,4,1.0,zero_shot,23.5749,,66.7888,43.2139
siglip,dora,medmnist,16,1,google/siglip2-base-patch16-224,both,all,4,1.0,zero_shot,23.5749,,77.4628,53.8879
siglip,lora,imagenet_a,16,1,google/siglip2-base-patch16-224,both,all,4,1.0,zero_shot,52.6772,,64.3701,11.6929
siglip,dora,imagenet_a,16,1,google/siglip2-base-patch16-224,both,all,4,1.0,zero_shot,52.6772,,65.6102,12.9331
siglip,lora,imagenet_r,16,1,google/siglip2-base-patch16-224,both,all,4,1.0,zero_shot,89.4500,,92.8846,3.4346
siglip,dora,imagenet_r,16,1,google/siglip2-base-patch16-224,both,all,4,1.0,zero_shot,89.4500,,93.1731,3.7231
clip,lora,chestmnist,16,1,ViT-B/16,both,all,4,1.0,zero_shot,5.2569,,94.6326,89.3757
clip,dora,chestmnist,16,1,ViT-B/16,both,all,4,1.0,zero_shot,5.2569,,94.7160,89.4591
dino,lora,chestmnist,16,1,facebook/dinov2-base,vision,all,4,1.0,prototype_kshot+linear_probe,5.2569,,92.2522,86.9952
dino,dora,chestmnist,16,1,facebook/dinov2-base,vision,all,4,1.0,prototype_kshot+linear_probe,5.2569,,92.6247,87.3678
align,lora,chestmnist,16,1,kakaobrain/align-base,text,all,4,1.0,zero_shot,5.2569,,94.6590,89.4021
align,dora,chestmnist,16,1,kakaobrain/align-base,text,all,4,1.0,zero_shot,5.2569,,94.7068,89.4499
siglip,lora,chestmnist,16,1,google/siglip2-base-patch16-224,both,all,4,1.0,zero_shot,94.7431,,94.7440,0.0010
siglip,dora,chestmnist,16,1,google/siglip2-base-patch16-224,both,all,4,1.0,zero_shot,94.7431,,94.7405,-0.0025
siglip,lora,sun397,16,1,google/siglip2-base-patch16-224,both,all,4,1.0,zero_shot,71.5674,,76.5181,4.9507
siglip,dora,sun397,16,1,google/siglip2-base-patch16-224,both,all,4,1.0,zero_shot,71.5674,,77.1609,5.5935
clip,lora,imagenet,16,1,ViT-B/16,both,all,2,1.0,zero_shot,65.6667,,70.7000,5.0333
